Title,DOI,Author
Familial Confounding of the Association Between Maternal Smoking During Pregnancy and Offspring Substance Use and Problems,https://doi.org/10.1001/archgenpsychiatry.2011.2107,"D'Onofrio, BM; Rickert, ME; Langström, N; Donahue, KL; Coyne, CA; Larsson, H; Ellingson, JM; Van Hulle, CA; Iliadou, AN; Rathouz, PJ; Lahey, BB; Lichtenstein, P"
Assessing seasonal confounding and model selection bias in air pollution epidemiology using positive and negative control analyses,https://doi.org/10.1002/1099-095X(200011/12)11:6<705::AID-ENV444>3.0.CO;2-H,"Lumley, T; Sheppard, L"
Confounding factors in determining causal soil moisture-precipitation feedback,https://doi.org/10.1002/2016WR019869,"Tuttle, SE; Salvucci, GD"
Concerns Regarding P Value-Based Variable Selection of Exposure Variables and Confounding Factors: Comment on the Article by Hawker et al,https://doi.org/10.1002/art.41771,"Ogawa T, Yamada Y, Momosaki R, Katayanagi J, Yoshioka T."
Risk factor adjustment in marginal structural model estimation of optimal treatment regimes,https://doi.org/10.1002/bimj.200800182,Moodie EE.
Correction of confounding bias in non-randomized studies by appropriate weighting,https://doi.org/10.1002/bimj.201000154,"Schmoor, C; Gall, C; Stampf, S; Graf, E"
Inverse-probability-of-treatment weighted estimation of causal parameters in the presence of error-contaminated and time-dependent confounders,https://doi.org/10.1002/bimj.201600228,"Shu, D; Yi, GY"
Covariate selection strategies for causal inference: Classification and comparison,https://doi.org/10.1002/bimj.201700294,"Witte J, Didelez V."
Propensity score methods for time-dependent cluster confounding,https://doi.org/10.1002/bimj.201900277,"Cafri, G; Austin, PC"
A comparison of full model specification and backward elimination of potential confounders when estimating marginal and conditional causal effects on binary outcomes from observational data,https://doi.org/10.1002/bimj.202100237,"Luijken, K; Groenwold, RHH; van Smeden, M; Strohmaier, S; Heinze, G"
Causal relationship and confounding in statistical models,https://doi.org/10.1002/bjs.10241,"Ranstam, J; Cook, JA"
Assessing spatial confounding in cancer disease mapping using R,https://doi.org/10.1002/cnr2.1263,"Azevedo, DRM; Bandyopadhyay, D; Prates, MO; Abdel-Salam, ASG; Garcia, D"
Season-dependent impact of forage quality on stress in alpine chamois,https://doi.org/10.1002/ece3.10045,"Corlatti L, Palme R, Valencak TG, Gomez KM."
Annual variation in breeding success in boreal forest grouse: Four decades of monitoring reveals bottom-up drivers to be more important than predation,https://doi.org/10.1002/ece3.9327,"Wegge P, Moss R, Rolstad J."
Model selection in occupancy models: Inference versus prediction,https://doi.org/10.1002/ecy.3942,"Stewart PS, Stephens PA, Hill RA, Whittingham MJ, Dawson W."
Mitigating spatial confounding by explicitly correlating Gaussian random fields,https://doi.org/10.1002/env.2727,"Marques, I; Kneib, T; Klein, N"
Confounded by Sequencing Depth in Association Studies of Rare Alleles,https://doi.org/10.1002/gepi.20574,"Garner, C"
Summary statistic analyses can mistake confounding bias for heritability,https://doi.org/10.1002/gepi.22259,"Holmes, JB; Speed, D; Balding, DJ"
Intermediate confounding in trio relationships: The importance of complete data in effect size estimation,https://doi.org/10.1002/gepi.22294,"Tubbs, JD; Zhang, YD; Sham, PC"
An enhanced machine learning tool for<i>cis</i>-eQTL mapping with regularization and confounder adjustments,https://doi.org/10.1002/gepi.22341,"Yan, KK; Zhao, HY; Wu, JT; Pang, H"
Causation and familial confounding as explanations for the associations of polygenic risk scores with breast cancer: Evidence from innovative ICE FALCON and ICE CRISTAL analyses,https://doi.org/10.1002/gepi.22556,"Li, S; Dite, GS; Macinnis, RJ; Bui, M; Nguyen, TL; Esser, VFC; Ye, ZF; Dowty, JG; Makalic, E; Sung, JH; Giles, GG; Southey, MC; Hopper, JL"
Stochastic dynamic causal modeling of working memory connections in cocaine dependence,https://doi.org/10.1002/hbm.22212,"Ma L, Steinberg JL, Hasan KM, Narayana PA, Kramer LA, Moeller FG."
Observing cognitive processes in time through functional MRI model comparison,https://doi.org/10.1002/hbm.26114,"Marxen M, Graff JE, Riedel P, Smolka MN."
Applying nonexperimental study approach to analyze historical batch data,https://doi.org/10.1002/jps.23066,"Cui Y, Song X, Chuang K, Xie M."
The role of the c-statistic in variable selection for propensity score models,https://doi.org/10.1002/pds.2074,"Westreich D, Cole SR, Funk MJ, Brookhart MA, Stürmer T."
Measuring balance and model selection in propensity score methods,https://doi.org/10.1002/pds.2188,"Belitser SV, Martens EP, Pestman WR, Groenwold RH, de Boer A, Klungel OH."
Using high-dimensional propensity scores to automate confounding control in a distributed medical product safety surveillance system,https://doi.org/10.1002/pds.2328,"Rassen, JA; Schneeweiss, S"
Variable selection for propensity score models when estimating treatment effects on multiple outcomes: a simulation study,https://doi.org/10.1002/pds.3356,"Wyss R, Girman CJ, LoCasale RJ, Brookhart AM, Stürmer T."
A review of covariate selection for non-experimental comparative effectiveness research,https://doi.org/10.1002/pds.3506,"Sauer BC, Brookhart MA, Roy J, VanderWeele T."
Propensity score balance measures in pharmacoepidemiology: a simulation study,https://doi.org/10.1002/pds.3574,"Ali MS, Groenwold RH, Pestman WR, Belitser SV, Roes KC, Hoes AW, de Boer A, Klungel OH."
On the role of marginal confounder prevalence - implications for the high-dimensional propensity score algorithm,https://doi.org/10.1002/pds.3773,"Schuster T, Pang M, Platt RW."
Addressing unmeasured confounding in comparative observational research,https://doi.org/10.1002/pds.4394,"Zhang, X; Faries, DE; Li, H; Stamey, JD; Imbens, GW"
A comparison of confounder selection and adjustment methods for estimating causal effects using large healthcare databases,https://doi.org/10.1002/pds.5403,"Benasseur, I; Talbot, D; Durand, M; Holbrook, A; Matteau, A; Potter, BJ; Renoux, C; Schnitzer, ME; Tarride, JE; Guertin, JR"
Machine learning for improving high-dimensional proxy confounder adjustment in healthcare database studies: An overview of the current literature,https://doi.org/10.1002/pds.5500,"Wyss, R; Yanover, C; El-Hay, T; Bennett, D; Platt, RW; Zullo, AR; Sari, G; Wen, XR; Ye, YZ; Yuan, HB; Gokhale, M; Patorno, E; Lin, KJ"
Controlling for confounding via propensity score methods can result in biased estimation of the conditional AUC: A simulation study,https://doi.org/10.1002/pst.1948,"Galadima HI, McClish DK."
On kernel machine learning for propensity score estimation under complex confounding structures,https://doi.org/10.1002/pst.2105,"Zou B, Mi X, Tighe PJ, Koch GG, Zou F."
Opportunities for minimization of confounding in observational research,https://doi.org/10.1002/pst.528,"Quartey, G; Feudjo-Tepie, M; Wang, JX; Kim, J"
Consequences of exposure measurement error for confounder identification in environmental epidemiology,https://doi.org/10.1002/sim.1541,"Budtz-Jorgensen, E; Keiding, N; Grandjean, P; Weihe, P; White, RF"
Improved estimation of controlled direct effects in the presence of unmeasured confounding of intermediate variables,https://doi.org/10.1002/sim.2057,"Kaufman, S; Kaufman, JS; MacLehose, RF; Greenland, S; Poole, C"
An innovative application of Bayesian disease mapping methods to patient safety research: a Canadian adverse medical event study,https://doi.org/10.1002/sim.2507,"MacNab YC, Kmetic A, Gustafson P, Sheps S."
Diagnostics for confounding in PK/PD models for oxcarbazepine,https://doi.org/10.1002/sim.2542,"Nedelman, JR; Rubin, DB; Sheiner, LB"
Seasonal confounding in air pollution and health time-series studies: effect on air pollution effect estimates,https://doi.org/10.1002/sim.2681,"Touloumi G, Samoli E, Pipikou M, Le Tertre A, Atkinson R, Katsouyanni K; APHEA-2 Project Group."
Bounds on potential risks and causal risk differences under assumptions about confounding parameters,https://doi.org/10.1002/sim.2927,"Chiba, Y; Sato, T; Greenland, S"
Use of instrumental variables in the analysis of generalized linear models in the presence of unmeasured confounding with applications to epidemiological research,https://doi.org/10.1002/sim.3036,"Johnston, KM; Gustafson, P; Levy, AR; Grootendorst, P"
Efforts to adjust for confounding by neighborhood using complex survey data,https://doi.org/10.1002/sim.3946,"Brumback, BA; Dailey, AB; He, ZL; Brumback, LC; Livingston, MD"
Sensitivity analysis for unmeasured confounding in principal stratification settings with binary variables,https://doi.org/10.1002/sim.4472,"Schwartz, S; Li, F; Reiter, JP"
Log-linear model selections in a rural dental health study,https://doi.org/10.1002/sim.4780020107,"Oler J, Bentley JM."
Model selection and the estimation of odds ratios in the presence of extraneous factors,https://doi.org/10.1002/sim.4780091003,"Schall R, Zucchini W."
"Doubly robust estimators of causal exposure effects with missing data in the outcome, exposure or a confounder",https://doi.org/10.1002/sim.5643,"Williamson, EJ; Forbes, A; Wolfe, R"
Methods for dealing with time-dependent confounding,https://doi.org/10.1002/sim.5686,"Daniel, RM; Cousens, SN; De Stavola, BL; Kenward, MG; Sterne, JAC"
Network-based regularization for matched case-control analysis of high-dimensional DNA methylation data,https://doi.org/10.1002/sim.5694,"Sun H, Wang S."
Multiple imputation for handling systematically missing confounders in meta-analysis of individual participant data,https://doi.org/10.1002/sim.5894,"Resche-Rigon, M; White, IR; Bartlett, JW; Peters, SAE; Thompson, SG"
The use of propensity score methods with survival or time-to-event outcomes: reporting measures of effect similar to those used in randomized experiments,https://doi.org/10.1002/sim.5984,Austin PC.
Using an instrumental variable to test for unmeasured confounding,https://doi.org/10.1002/sim.6227,"Guo, Z; Cheng, J; Lorch, SA; Small, DS"
Controlling for seasonal patterns and time varying confounders in time-series epidemiological models: a simulation study,https://doi.org/10.1002/sim.6271,"Perrakis K, Gryparis A, Schwartz J, Le Tertre A, Katsouyanni K, Forastiere F, Stafoggia M, Samoli E."
"A flexible, interpretable framework for assessing sensitivity to unmeasured confounding",https://doi.org/10.1002/sim.6973,"Dorie, V; Harada, M; Carnegie, NB; Hill, J"
A comparison of Bayesian and Monte Carlo sensitivity analysis for unmeasured confounding,https://doi.org/10.1002/sim.7298,"McCandless, LC; Gustafson, P"
Inverse probability weighting to control confounding in an illness-death model for interval-censored data,https://doi.org/10.1002/sim.7550,"Gillaizeau, F; Sénage, T; Le Borgne, F; Le Tourneau, T; Roussel, JC; Leffondrè, K; Porcher, R; Giraudeau, B; Dantan, E; Foucher, Y"
Sensitivity analysis for unobserved confounding of direct and indirect effects using uncertainty intervals,https://doi.org/10.1002/sim.7620,"Lindmark, A; de Luna, X; Eriksson, M"
A class of semiparametric tests of treatment effect robust to confounder measurement error,https://doi.org/10.1002/sim.7852,"Miles, CH; Schwartz, J; Tchetgen, EJT"
Mediation analysis of time-to-event endpoints accounting for repeatedly measured mediators subject to time-varying confounding,https://doi.org/10.1002/sim.8336,"Vansteelandt, S; Linder, M; Vandenberghe, S; Steen, J; Madsen, J"
Safety surveillance and the estimation of risk in select populations: Flexible methods to control for confounding while targeting marginal comparisons via standardization,https://doi.org/10.1002/sim.8410,"Shi, X; Wellman, R; Heagerty, PJ; Nelson, JC; Cook, AJ"
"Bias testing, bias correction, and confounder selection using an instrumental variable model",https://doi.org/10.1002/sim.8730,"Choi, BY; Fine, JP; Brookhart, MA"
Confounder selection strategies targeting stable treatment effect estimators,https://doi.org/10.1002/sim.8792,"Loh, WW; Vansteelandt, S"
Using generalized linear models to implement g-estimation for survival data with time-varying confounding,https://doi.org/10.1002/sim.8997,"Seaman, SR; Keogh, RH; Dukes, O; Vansteelandt, S"
Practical recommendations on double score matching for estimating causal effects,https://doi.org/10.1002/sim.9289,"Zhang Y, Yang S, Ye W, Faries DE, Lipkovich I, Kadziola Z."
Identification and robust estimation of swapped direct and indirect effects: Mediation analysis with unmeasured mediator-outcome confounding and intermediate confounding,https://doi.org/10.1002/sim.9501,"Tai, AS; Lin, SH"
Consistent inverse probability of treatment weighted estimation of the average treatment effect with mismeasured time-dependent confounders,https://doi.org/10.1002/sim.9629,"Yan, Y; Ren, MC"
Causal inference in survival analysis under deterministic missingness of confounders in register data,https://doi.org/10.1002/sim.9706,"Ciocanea-Teodorescu, I; Goetghebeur, E; Waernbaum, I; Schön, S; Gabriel, EE"
Variable selection and Bayesian model averaging in case-control studies,https://doi.org/10.1002/sim.976,"Viallefont V, Raftery AE, Richardson S."
A Bayesian multistage spatio-temporally dependent model for spatial clustering and variable selection,https://doi.org/10.1002/sim.9889,"Ma S, Yu K, Tang ML, Pan J, Härdle WK, Tian M."
Dealing with time-dependent exposures and confounding when defining and estimating attributable fractions-Revisiting estimands and estimators,https://doi.org/10.1002/sim.9988,"Steen, J; Morzywolek, P; Van Biesen, W; Decruyenaere, J; Vansteelandt, S"
Removal of Confounders via Invariant Risk Minimization for Medical Diagnosis,https://doi.org/10.1007/978-3-031-16452-1_55,"Zare, S; Nguyen, HV"
Time-resolved biomarker discovery in 1H-NMR data using generalized fuzzy Hough transform alignment and parallel factor analysis,https://doi.org/10.1007/s00216-009-3421-5,"Alm E, Torgrip RJ, Aberg KM, Schuppe-Koistinen I, Lindberg J."
Polypharmacy and mortality: new insights from a large cohort of older adults by detection of effect modification by multi-morbidity and comprehensive correction of confounding by indication,https://doi.org/10.1007/s00228-017-2266-7,"Schöttker, B; Saum, KU; Muhlack, DC; Hoppe, LK; Holleczek, B; Brenner, H"
Learning Causal Graphs with Latent Confounders in Weak Faithfulness Violations,https://doi.org/10.1007/s00354-016-0003-x,"Isozaki, T; Kuroki, M"
Balance disorders as potential confounders associated with an increased risk of acute cerebrovascular accidents,https://doi.org/10.1007/s00405-020-06465-y,"Domínguez-Durán, E; Marmol-Szombathy, I; López-Urbano, MJ; Palomo-Sánchez, A; Alarcón-Balanza, F; Palmero-Olmo, E; Nogales-Nieves, A; Otero-Aguilar, P; Poyatos-Poyatos, B; Torres-Rodríguez, M; Manjón-Collado, MT; Bullón-Fernández, B; Campos-Holguín, M; Valle-Martín, F; Medina-Moreno, P; Mora-Quintero, A; Sánchez-Gómez, S"
Different statistical techniques dealing with confounding in observational research: measuring the effect of breast-conserving therapy and mastectomy on survival,https://doi.org/10.1007/s00432-019-02919-x,"van Maaren, MC; le Cessie, S; Strobbe, LJA; Groothuis-Oudshoorn, CGM; Poortmans, PMP; Siesling, S"
"Sensitivity analysis for unobserved confounding in causal mediation analysis allowing for effect modification, censoring and truncation",https://doi.org/10.1007/s10260-021-00611-4,"Lindmark, A"
Variable selection: current practice in epidemiological studies,https://doi.org/10.1007/s10654-009-9411-2,"Walter S, Tiemeier H."
Selection of confounding variables should not be based on observed associations with exposure,https://doi.org/10.1007/s10654-011-9606-1,"Groenwold, RHH; Klungel, OH; Grobbee, DE; Hoes, AW"
"From bad to worse: collider stratification amplifies confounding bias in the ""obesity paradox""",https://doi.org/10.1007/s10654-015-0069-7,"Banack, HR; Kaufman, JS"
"Limitations of individual causal models, causal graphs, and ignorability assumptions, as illustrated by random confounding and design unfaithfulness",https://doi.org/10.1007/s10654-015-9995-7,"Greenland, S; Mansournia, MA"
The meaning of confounding adjustment in the presence of multiple versions of treatment: an application to organ transplantation,https://doi.org/10.1007/s10654-019-00484-8,"Wanis, KN; Madenci, AL; Dokus, MK; Orloff, MS; Levstik, MA; Hernandez-Alejandro, R; Hernán, MA"
Principles of confounder selection,https://doi.org/10.1007/s10654-019-00494-6,"VanderWeele, TJ"
A descriptive review of variable selection methods in four epidemiologic journals: there is still room for improvement,https://doi.org/10.1007/s10654-019-00529-y,"Talbot D, Massamba VK."
Case-control matching on confounders revisited,https://doi.org/10.1007/s10654-023-01046-9,"Mansournia, MA; Poole, C"
"A Simulation-Based Assessment of Alternative Explanations for Apparent Confounding in ""PM Decomposition"" Studies",https://doi.org/10.1007/s10666-022-09829-2,"Chang, WJ; Glasgow, G; Ramkrishnan, B; Smith, AE"
Causal modelling of heavy-tailed variables and confounders with application to river flow,https://doi.org/10.1007/s10687-022-00456-4,"Pasche, OC; Chavez-Demoulin, V; Davison, AC"
Addressing missing data in confounders when estimating propensity scores for continuous exposures,https://doi.org/10.1007/s10742-018-0191-6,"Coffman, DL; Zhou, JX; Cai, XZ; Graham, JW"
The Causal Relationship between Childhood Adversity and Developmental Trajectories of Delinquency: A Consideration of Genetic and Environmental Confounds,https://doi.org/10.1007/s10964-018-0960-0,"Connolly, EJ; Kavish, N"
Sensitivity analysis for unmeasured confounding in a marginal structural Cox proportional hazards model,https://doi.org/10.1007/s10985-008-9109-x,"Klungsoyr, O; Sexton, J; Sandanger, I; Nygård, JF"
Low-dimensional confounder adjustment and high-dimensional penalized estimation for survival analysis,https://doi.org/10.1007/s10985-015-9350-z,"Xia X, Jiang B, Li J, Zhang W."
Approximate Bayesian inference in semi-mechanistic models,https://doi.org/10.1007/s11222-016-9668-8,"Aderhold A, Husmeier D, Grzegorczyk M."
A Review of the Techniques Used to Control Confounding Bias and How Spatiotemporal Variation Can Be Controlled in Environmental Impact Studies,https://doi.org/10.1007/s11270-019-4150-9,"Hatami, R"
Estimation of Causal Effect Measures in the Presence of Measurement Error in Confounders,https://doi.org/10.1007/s12561-018-9213-8,"Shu, D; Yi, GY"
Incorporating Genetic Heterogeneity in Whole-Genome Regressions Using Interactions,https://doi.org/10.1007/s13253-015-0222-5,"de Los Campos G, Veturi Y, Vazquez AI, Lehermeier C, Pérez-Rodríguez P."
High-Dimensional Propensity Score-Adjusted Case-Crossover for Discovering Adverse Drug Reactions from Computerized Administrative Healthcare Databases,https://doi.org/10.1007/s40264-022-01148-5,"Volatier E, Salvo F, Pariente A, Courtois É, Escolano S, Tubert-Bitter P, Ahmed I."
Microcomputer-assisted multivariate survival data analysis using Cox's proportional hazards regression model,https://doi.org/10.1016/0169-2607(90)90054-d,"Campos-Filho N, Franco EL."
Inappropriate use of bivariable analysis to screen risk factors for use in multivariable analysis,https://doi.org/10.1016/0895-4356(96)00025-x,"Sun GW, Shook TL, Kay GL."
Combining ecological and individual variables to reduce confounding by indication: Case study - subarachnoid hemorrhage treatment,https://doi.org/10.1016/S0895-4356(00)00251-1,"Johnston, SC"
"Calculating the ""number needed to be exposed"" with adjustment for confounding variables in epidemiological studies",https://doi.org/10.1016/S0895-4356(01)00510-8,"Bender, R; Blettner, M"
On Miettinen's multivariate confounder score,https://doi.org/10.1016/S0895-4356(97)00283-7,"Strauss, D"
Identification of confounders in the assessment of the relationship between lead exposure and child development,https://doi.org/10.1016/S1047-2797(00)00176-9,"Tong, SL; Lu, Y"
Confounders or intermediate variables? Testing mechanisms for the relationship between depression and smoking in a longitudinal cohort study,https://doi.org/10.1016/j.addbeh.2014.11.026,"Chaiton, M; Cohen, JE; Rehm, J; Abdulle, M; O'Loughlin, J"
Observational Dose-Response Meta-Analysis Methods May Bias Risk Estimates at Low Consumption Levels: The Case of Meat and Colorectal Cancer,https://doi.org/10.1016/j.advnut.2024.100214,"Pouzou JG, Zagmutt FJ."
"Confounding, causality, and confusion: the role of intermediate variables in interpreting observational studies in obstetrics",https://doi.org/10.1016/j.ajog.2017.04.016,"Ananth, CV; Schisterman, EF"
Using Causal Diagrams for Biomedical Research,https://doi.org/10.1016/j.annemergmed.2022.08.014,"Kyriacou DN, Greenland P, Mansournia MA."
Confounder selection in environmental epidemiology: Assessment of health effects of prenatal mercury exposure,https://doi.org/10.1016/j.annepidem.2006.05.007,"Budtz-Jorgensen, E; Keiding, N; Grandjean, P; Weihe, P"
Bias formulas for external adjustment and sensitivity analysis of unmeasured confounders,https://doi.org/10.1016/j.annepidem.2008.04.003,"Arah, OA; Chiba, Y; Greenland, S"
Time-Dependent Confounding in the Study of the Effects of Regular Physical Activity in Chronic Obstructive Pulmonary Disease: An Application of the Marginal Structural Model,https://doi.org/10.1016/j.annepidem.2008.05.003,"Garcia-Aymerich, J; Lange, P; Serra, I; Schnohr, P; Antó, JM"
Confounding by Season in Ecologic Studies of Seasonal Exposures and Outcomes: Examples From Estimates of Mortality Due to Influenza,https://doi.org/10.1016/j.annepidem.2009.06.009,"Jackson, ML"
Confounding control in a nonexperimental study of STAR*D data: logistic regression balanced covariates better than boosted CART,https://doi.org/10.1016/j.annepidem.2013.01.004,"Ellis, AR; Dusetzina, SB; Hansen, RA; Gaynes, BN; Farley, JF; Stürmer, T"
Trimester-specific association between antibiotics exposure during pregnancy and childhood asthma or wheeze: the role of confounding,https://doi.org/10.1016/j.annepidem.2018.10.003,"Bai, LJ; Zhao, DS; Cheng, Q; Zhang, YW; Wang, SS; Zhang, H; Xie, MY; He, RX; Su, H"
Visualization tool of variable selection in bias-variance tradeoff for inverse probability weights,https://doi.org/10.1016/j.annepidem.2019.12.006,"Yu YH, Filion KB, Bodnar LM, Brooks MM, Platt RW, Himes KP, Naimi AI."
"Avoiding Systematic Bias in Orthopedics Research Through Informed Variable Selection: A Discussion of Confounders, Mediators, and Colliders",https://doi.org/10.1016/j.arth.2022.05.027,"Devick, KL; Zaniletti, I; Larson, DR; Lewallen, DG; Berry, DJ; Kremers, HM"
On the completeness of orientation rules for causal discovery in the presence of latent confounders and selection bias,https://doi.org/10.1016/j.artint.2008.08.001,"Zhang, JJ"
Variations in prostate biopsy recommendation and acceptance confound evaluation of risk factors for prostate cancer: Examining race and BMI,https://doi.org/10.1016/j.canep.2019.101619,"Tangen, CM; Schenk, J; Till, C; Goodman, PJ; Barrington, W; Lucia, MS; Thompson, IM"
The effect of the prior distribution in the <i>Bayesian Adjustment for Confounding algorithm</i>,https://doi.org/10.1016/j.csda.2013.09.011,"Lefebvre, G; Atherton, J; Talbot, D"
Plasmode simulation for the evaluation of pharmacoepidemiologic methods in complex healthcare databases,https://doi.org/10.1016/j.csda.2013.10.018,"Franklin JM, Schneeweiss S, Polinski JM, Rassen JA."
Causal mediation analysis for survival outcome with unobserved mediator-outcome confounders,https://doi.org/10.1016/j.csda.2014.11.016,"Luo, P; Geng, Z"
A causal examination of the effects of confounding factors on multimetric indices,https://doi.org/10.1016/j.ecolind.2013.01.015,"Schoolmaster, DR; Grace, JB; Schweiger, EW; Mitchell, BR; Guntenspergen, GR"
Bayesian geostatistical modelling of PM(10) and PM(2.5) surface level concentrations in Europe using high-resolution satellite-derived products,https://doi.org/10.1016/j.envint.2018.08.041,"Beloconi A, Chrysoulakis N, Lyapustin A, Utzinger J, Vounatsou P."
A case-cohort study of perinatal exposure to potential endocrine disrupters and the risk of cryptorchidism in the Norwegian HUMIS study,https://doi.org/10.1016/j.envint.2021.106815,"Desalegn AA, Iszatt N, Stigum H, Jensen TK, Eggesbø M."
"Implications of nonlinearity, confounding, and interactions for estimating exposure concentration-response functions in quantitative risk analysis",https://doi.org/10.1016/j.envres.2020.109638,"Cox, LA"
Assessing urinary phenol and paraben mixtures in pregnant women with and without gestational diabetes mellitus: A case-control study,https://doi.org/10.1016/j.envres.2022.113897,"Chen WJ, Robledo C, Davis EM, Goodman JR, Xu C, Hwang J, Janitz AE, Garwe T, Calafat AM, Peck JD."
An evaluation of Hamiltonian Monte Carlo performance to calibrate age-structured compartmental SEIR models to incidence data,https://doi.org/10.1016/j.epidem.2020.100415,"Andrade J, Duggan J."
Scope of Mendelian randomization to control for unobserved confounding in epidemiology,https://doi.org/10.1016/j.gaceta.2021.01.008,"Ancira-Moreno, M; Smith, N; Lamadrid-Figueroa, H"
Propensity score methods to control for confounding in observational cohort studies: a statistical primer and application to endoscopy research,https://doi.org/10.1016/j.gie.2019.04.236,"Yang, JY; Webster-Clark, M; Lund, JL; Sandler, RS; Dellon, ES; Stürmer, T"
Reducing the complexity of high-dimensional environmental data: An analytical framework using LASSO with considerations of confounding for statistical inference,https://doi.org/10.1016/j.ijheh.2023.114116,"Frndak, S; Yu, G; Oulhote, Y; Queirolo, EI; Barg, G; Vahter, M; Manay, N; Peregalli, F; Olson, JR; Ahmed, Z; Kordas, K"
Using computable knowledge mined from the literature to elucidate confounders for EHR-based pharmacovigilance,https://doi.org/10.1016/j.jbi.2021.103719,"Malec, SA; Wei, P; Bernstam, EV; Boyce, RD; Cohen, T"
Adjusting for indirectly measured confounding using large-scale propensity score,https://doi.org/10.1016/j.jbi.2022.104204,"Zhang, LY; Wang, YX; Schuemie, MJ; Blei, DM; Hripcsak, G"
A sensitivity analysis using information about measured confounders yielded improved uncertainty assessments for unmeasured confounding,https://doi.org/10.1016/j.jclinepi.2007.05.006,"Mccandless, LC; Gustafson, P; Levy, AR"
External adjustment for unmeasured confounders improved drug-outcome association estimates based on health care utilization data,https://doi.org/10.1016/j.jclinepi.2012.03.014,"Corrao, G; Nicotra, F; Parodi, A; Zambon, A; Soranna, D; Heiman, F; Merlino, L; Mancia, G"
Reporting of covariate selection and balance assessment in propensity score analysis is suboptimal: a systematic review,https://doi.org/10.1016/j.jclinepi.2014.08.011,"Ali MS, Groenwold RH, Belitser SV, Pestman WR, Hoes AW, Roes KC, Boer Ad, Klungel OH."
Birth cohort appeared to confound effect estimates of guideline changes on statin utilization,https://doi.org/10.1016/j.jclinepi.2014.10.010,"Bijlsma, MJ; Janssen, F; Lub, R; Bos, JHJ; De Vries, FM; Vansteelandt, S; Hak, E"
Comparison of high-dimensional confounder summary scores in comparative studies of newly marketed medications,https://doi.org/10.1016/j.jclinepi.2016.02.011,"Kumamaru, H; Gagnea, JJ; Glynn, RJ; Setoguchi, S; Schneeweiss, S"
Magnitude and direction of missing confounders had different consequences on treatment effect estimation in propensity score analysis,https://doi.org/10.1016/j.jclinepi.2017.04.001,"Nguyen, TL; Collins, GS; Spence, J; Fontaine, C; Daurès, JP; Devereaux, PJ; Landais, P; Le Manach, Y"
Adjusting for unmeasured confounding in nonrandomized longitudinal studies: a methodological review,https://doi.org/10.1016/j.jclinepi.2017.04.022,"Streeter, AJ; Lin, NX; Crathorne, L; Haasova, M; Hyde, C; Melzer, D; Henley, WE"
"Approaches to addressing missing values, measurement error, and confounding in epidemiologic studies",https://doi.org/10.1016/j.jclinepi.2020.11.006,"van Smeden, M; de Vries, BBLP; Nab, L; Groenwold, RHH"
On the selection of variables in criminology: Adjusting for the descendants of unobserved confounders,https://doi.org/10.1016/j.jcrimjus.2022.101924,"Silver, IA; Lonergan, H; Nedelec, JL"
"Second-generation corneal deformation signal waveform analysis in normal, forme fruste keratoconic, and manifest keratoconic corneas after statistical correction for potentially confounding factors",https://doi.org/10.1016/j.jcrs.2015.11.011,"Zhang L, Danesh J, Tannan A, Phan V, Yu F, Hamilton DR."
Causal inference of general treatment effects using neural networks with a diverging number of confounders,https://doi.org/10.1016/j.jeconom.2023.105555,"Chen, XH; Liu, Y; Ma, SJ; Zhang, Z"
Intensive care unit (ICU)-acquired bacteraemia and ICU mortality and discharge: addressing time-varying confounding using appropriate methodology,https://doi.org/10.1016/j.jhin.2017.11.011,"Pouwels, KB; Vansteelandt, S; Batra, R; Edgeworth, JD; Smieszek, T; Robotham, JV"
Predictors of leiomyoma recurrence after laparoscopic myomectomy,https://doi.org/10.1016/j.jmig.2007.06.003,"Yoo EH, Lee PI, Huh CY, Kim DH, Lee BS, Lee JK, Kim D."
Network inference in the presence of latent confounders: The role of instantaneous causalities,https://doi.org/10.1016/j.jneumeth.2015.02.015,"Elsegai, H; Shiells, H; Thiel, M; Schelter, B"
"Nonlinear association criterion, nonlinear Granger causality and related issues with applications to neuroimage studies",https://doi.org/10.1016/j.jneumeth.2016.01.003,"Tao C, Feng J."
Detecting multiple confounders,https://doi.org/10.1016/j.jspi.2008.06.013,"Wang, XL; Geng, Z; Chen, H; Xie, XC"
Similar failure and patency rates when comparing one- and two-stage basilic vein transposition,https://doi.org/10.1016/j.jvs.2014.11.083,"Cooper J, Power AH, DeRose G, Forbes TL, Dubois L."
A practical method to control spatiotemporal confounding in environmental impact studies,https://doi.org/10.1016/j.mex.2018.07.003,"Hatami, R"
Dynamic Causal Modelling and physiological confounds: A functional MRI study of vagus nerve stimulation,https://doi.org/10.1016/j.neuroimage.2010.05.021,"Reyt, S; Picq, C; Sinniger, V; Clarençon, D; Bonaz, B; David, O"
Identification of causal relations in neuroimaging data with latent confounders: An instrumental variable approach,https://doi.org/10.1016/j.neuroimage.2015.10.062,"Grosse-Wentrup, M; Janzing, D; Siegel, M; Schölkopf, B"
Model selection for identifying power-law scaling,https://doi.org/10.1016/j.neuroimage.2016.01.008,"Ton R, Daffertshofer A."
Examining how physician factors influence patient satisfaction during clinical consultations about cancer prognosis and pain,https://doi.org/10.1016/j.pecinn.2022.100017,"Lou Z, Vivas-Valencia C, Shields CG, Kong N."
The impact of confounder selection in propensity scores when applied to prospective cohort studies in pregnancy,https://doi.org/10.1016/j.reprotox.2018.04.003,"Xu, RH; Hou, J; Chambers, CD"
Association of low-level inorganic arsenic exposure from rice with age-standardized mortality risk of cardiovascular disease (CVD) in England and Wales,https://doi.org/10.1016/j.scitotenv.2020.140534,"Xu L, Polya DA, Li Q, Mondal D."
Variable selection in heterogeneous datasets: A truncated-rank sparse linear mixed model with applications to genome-wide association studies,https://doi.org/10.1016/j.ymeth.2018.04.021,"Wang H, Aragam B, Xing EP."
Assessing topological congruence among concatenation-based phylogenomic approaches in empirical datasets,https://doi.org/10.1016/j.ympev.2021.107086,"Torres A, Goloboff PA, Catalano SA."
Risk factors of prolonged postoperative pleural effusion after repair of tetralogy of Fallot,https://doi.org/10.1016/s1726-4901(09)70155-8,"Liang CM, Hwang B, Lu JH, Lee PC, Weng ZC, Ho TY, Meng CC."
"Challenging the utility of polygenic scores for social science: Environmental confounding, downward causation, and unknown biology",https://doi.org/10.1017/S0140525X22001145,"Burt, CH"
"Challenging the utility of polygenic scores for social science: Environmental confounding, downward causation, and unknown biology",https://doi.org/10.1017/S0140525X22002394,"Zietsch, BP; Abdellaoui, A; Verweij, KJH"
Applications of the propensity score weighting method in psychogeriatric research: correcting selection bias and adjusting for confounders,https://doi.org/10.1017/S1041610216002490,"Chang, CCH"
Sources of confounding in life course epidemiology,https://doi.org/10.1017/S2040174418000582,"Santos, S; Zugna, D; Pizzi, C; Richiardi, L"
A Functional Bayesian Model for Hydrogen-Deuterium Exchange Mass Spectrometry,https://doi.org/10.1021/acs.jproteome.3c00297,"Crook OM, Gittens N, Chung CW, Deane CM."
Assessing Mediation Using Marginal Structural Models in the Presence of Confounding and Moderation,https://doi.org/10.1037/a0029311,"Coffman, DL; Zhong, W"
Structural Equation Modeling Versus Marginal Structural Modeling for Assessing Mediation in the Presence of Posttreatment Confounding,https://doi.org/10.1037/a0036368,"Moerkerke, B; Loeys, T; Vansteelandt, S"
Combating Unmeasured Confounding in Cross-Sectional Studies: Evaluating Instrumental-Variable and Heckman Selection Models,https://doi.org/10.1037/a0037416,"DeMaris, A"
Confounding in Statistical Mediation Analysis: What It Is and How to Address It,https://doi.org/10.1037/cou0000242,"Valente, MJ; Pelham, WE; Smyth, H; MacKinnon, DP"
The Impact of Measurement Error and Omitting Confounders on Statistical Inference of Mediation Effects and Tools for Sensitivity Analysis,https://doi.org/10.1037/met0000345,"Liu, X; Wang, LJ"
Data-Driven Covariate Selection for Confounding Adjustment by Focusing on the Stability of the Effect Estimator,https://doi.org/10.1037/met0000564,"Loh, WW; Ren, DN"
How Do Unobserved Confounding Mediators and Measurement Error Impact Estimated Mediation Effects and Corresponding Statistical Inferences? Introducing the R Package ConMed for Sensitivity Analysis,https://doi.org/10.1037/met0000567,"Lin, QY; Nuttall, AK; Zhang, Q; Frank, KA"
"One Step at a Time: A Statistical Approach for Distinguishing Mediators, Confounders, and Colliders Using Direction Dependence Analysis",https://doi.org/10.1037/met0000619,"Shi, DX; Fairchild, AJ; Wiedermann, W"
Uncovering interpretable potential confounders in electronic medical records,https://doi.org/10.1038/s41467-022-28546-8,"Zeng, JM; Gensheimer, MF; Rubin, DL; Athey, S; Shachter, RD"
High-throughput target trial emulation for Alzheimer's disease drug repurposing with real-world data,https://doi.org/10.1038/s41467-023-43929-1,"Zang C, Zhang H, Xu J, Zhang H, Fouladvand S, Havaldar S, Cheng F, Chen K, Chen Y, Glicksberg BS, Chen J, Bian J, Wang F."
Adjusting for genetic confounders in transcriptome-wide association studies improves discovery of risk genes of complex traits,https://doi.org/10.1038/s41588-023-01648-9,"Zhao, SM; Crouse, W; Qian, S; Luo, KX; Stephens, M; He, X"
Adjusting for genetic confounders in transcriptome-wide association studies improves discovery of risk genes of complex traits,https://doi.org/10.1038/s41588-023-01648-9,"Zhao, SM; Crouse, W; Qian, S; Luo, KX; Stephens, M; He, X"
Nutritional status and anxious and depressive symptoms in anorexia nervosa: a prospective study,https://doi.org/10.1038/s41598-020-79410-y,"Pleplé A, Lalanne C, Huas C, Mattar L, Hanachi M, Flament MF, Carchon I, Jouen F, Berthoz S, Godart N."
The benefits of selecting phenotype-specific variants for applications of mixed models in genomics,https://doi.org/10.1038/srep01815,"Lippert C, Quon G, Kang EY, Kadie CM, Listgarten J, Heckerman D."
Sire coloration influences offspring survival under predation risk in the moorfrog,https://doi.org/10.1046/j.1420-9101.2003.00606.x,"Sheldon BC, Arponen H, Laurila A, Crochet PA, Merilä J."
Abnormal Mineral Metabolism and Mortality in Hemodialysis Patients With Secondary Hyperparathyroidism: Evidence From Marginal Structural Models Used to Adjust for Time-Dependent Confounding,https://doi.org/10.1053/j.ajkd.2013.08.011,"Fukagawa, M; Kido, R; Komaba, H; Onishi, Y; Yamaguchi, T; Hasegawa, T; Kurita, N; Fukuma, S; Akizawa, T; Fukuhara, S"
Time-Dependent Confounding in the Estimation of Treatment Effects in Randomised Trials with Multimodal Therapies - An Illustration of the Problem of Time-Dependent Confounding by Causal Graphs,https://doi.org/10.1055/s-0033-1355405,"Zietemann, VD; Schuster, T; Duell, THG"
"Smoking as potential confounder in German epidemiological studies:: Standardization of assessment, quantification, and analysis",https://doi.org/10.1055/s-2005-858807,"Latza, U; Hoffmann, W; Terschüren, C; Chang-Claude, J; Kreuzer, M; Rosario, AS; Kropp, S; Stang, A; Ahrens, W; Lampert, T; Straif, K"
Unobserved time effects confound the identification of climate change impacts,https://doi.org/10.1073/pnas.1202049109,"Auffhammer, M; Vincent, JR"
Using machine learning to estimate the effect of racial segregation on COVID-19 mortality in the United States,https://doi.org/10.1073/pnas.2015577118,Torrats-Espinosa G.
An Introduction to Propensity Score Methods for Reducing the Effects of Confounding in Observational Studies,https://doi.org/10.1080/00273171.2011.568786,"Austin, PC"
Direction Dependence Analysis in the Presence of Confounders: Applications to Linear Mediation Models Using Observational Data,https://doi.org/10.1080/00273171.2018.1528542,"Wiedermann, W; Sebastian, J"
A More Efficient Causal Mediator Model Without the No-Unmeasured-Confounder Assumption,https://doi.org/10.1080/00273171.2019.1656051,"Brandt, H"
Tuning Random Forests for Causal Inference under Cluster-Level Unmeasured Confounding,https://doi.org/10.1080/00273171.2021.1994364,"Suk, Y; Kang, H"
Causal inference with missingness in confounder,https://doi.org/10.1080/00949655.2022.2089672,"Bagmar, MSH; Shen, H"
Adjustment for Missing Confounders Using External Validation Data and Propensity Scores,https://doi.org/10.1080/01621459.2011.643739,"McCandless, LC; Richardson, S; Best, N"
Some Statistical Strategies for DAE-seq Data Analysis: Variable Selection and Modeling Dependencies among Observations,https://doi.org/10.1080/01621459.2013.869222,"Rashid NU, Sun W, Ibrahim JG."
Uncertainty in Propensity Score Estimation: Bayesian Methods for Variable Selection and Model Averaged Causal Effects,https://doi.org/10.1080/01621459.2013.869498,"Zigler CM, Dominici F."
Regularization Methods for High-Dimensional Instrumental Variables Regression With an Application to Genetical Genomics,https://doi.org/10.1080/01621459.2014.908125,"Lin W, Feng R, Li H."
Treatment Effect Estimation Under Additive Hazards Models With High-Dimensional Confounding,https://doi.org/10.1080/01621459.2021.1930546,"Hou, J; Bradic, J; Xu, RH"
Identifying Effects of Multiple Treatments in the Presence of Unmeasured Confounding,https://doi.org/10.1080/01621459.2021.2023551,"Miao, W; Hu, WJ; Ogburn, EL; Zhou, XH"
Proximal Learning for Individualized Treatment Regimes Under Unmeasured Confounding,https://doi.org/10.1080/01621459.2022.2147841,"Qi, ZL; Miao, R; Zhang, XK"
Nonlinear Causal Discovery with Confounders,https://doi.org/10.1080/01621459.2023.2179490,"Li, CL; Shen, XT; Pan, W"
Sensitivity to Unobserved Confounding in Studies with Factor-Structured Outcomes,https://doi.org/10.1080/01621459.2023.2240053,"Zheng, JJ; Wu, JX; D'Amour, A; Franks, A"
De-confounding Causal Inference Using Latent Multiple-Mediator Pathways,https://doi.org/10.1080/01621459.2023.2240461,"Yuan, YB; Qu, AN"
Discovery and Inference of a Causal Network with Hidden Confounding,https://doi.org/10.1080/01621459.2023.2261658,"Chen, L; Li, CL; Shen, XT; Pan, W"
Doubly-Valid/Doubly-Sharp Sensitivity Analysis for Causal Inference with Unmeasured Confounding,https://doi.org/10.1080/01621459.2024.2335588,"Dorn, J; Guo, K; Kallus, N"
Confounding adjustment methods for multi-level treatment comparisons under lack of positivity and unknown model specification,https://doi.org/10.1080/02664763.2021.1911966,"Diop, SA; Duchesne, T; Cumming, SG; Diop, A; Talbot, D"
Sensitivity analysis of unmeasured confounding in causal inference based on exponential tilting and super learner,https://doi.org/10.1080/02664763.2021.1999398,"Zhou, M; Yao, WX"
Examining the Error of Mis-Specifying Nonlinear Confounding Effect With Application on Accelerometer-Measured Physical Activity,https://doi.org/10.1080/02701367.2017.1296101,"Lee, PH"
Association of corticosteroid use and attention deficit/hyperactivity disorder in asthmatic children varies by age,https://doi.org/10.1080/02770903.2022.2089995,"Xie L, Gelfand A, Mathew MS, Atem FD, Delclos GL, Messiah SE."
"Comments on ""Unobservable Selection and Coefficient Stability: Theory and Evidence"" and ""Poorly Measured Confounders are More Useful on the Left Than on the Right""",https://doi.org/10.1080/07350015.2019.1575743,"De Luca, G; Magnus, JR; Peracchi, F"
Confounding and causation in the epidemiology of lead,https://doi.org/10.1080/09603123.2016.1161179,"Wilson, IH; Wilson, SB"
Using Bayesian networks to clarify interpretation of exposure-response regression coefficients: blood lead-mortality association as an example,https://doi.org/10.1080/10408444.2020.1787329,Cox LA Jr.
The effect of confounding variables in studies of lead exposure and IQ,https://doi.org/10.1080/10408444.2020.1842851,"Van Landingham, C; Fuller, WG; Schoof, RA"
Comparison of statistical methodologies used to estimate the treatment effect on time-to-event outcomes in observational studies,https://doi.org/10.1080/10543406.2021.1918140,"Jreich R, Sebastien B."
Meta-analysis of lung cancer in asphalt roofing and paving workers with external adjustment for confounding by coal tar,https://doi.org/10.1080/15459620701335035,"Fayerweather, WE"
Controlling for spatial confounding and spatial interference in causal inference: modelling insights from a computational experiment,https://doi.org/10.1080/19475683.2023.2257788,"Hoffman, TD; Kedron, P"
Confounded Local Inference: Extending Local Moran Statistics to Handle Confounding,https://doi.org/10.1080/24694452.2024.2326541,"Wolf, LJ"
Identifying confounding by indication through blinded prospective review,https://doi.org/10.1093/aje/154.3.276,"Johnston, SC"
Causal knowledge as a prerequisite for confounding evaluation:: An application to birth defects epidemiology,https://doi.org/10.1093/aje/155.2.176,"Hernán, MA; Hernández-Díaz, S; Werler, MM; Mitchell, AA"
Is residual confounding a reasonable explanation for the apparent protective effects of beta-carotene found in epidemiologic studies of lung cancer in smokers?,https://doi.org/10.1093/aje/155.7.622,"Stram, DO; Huberman, M; Wu, AH"
Dealing With Treatment-Confounder Feedback and Sparse Follow-up in Longitudinal Studies: Application of a Marginal Structural Model in a Multiple Sclerosis Cohort,https://doi.org/10.1093/aje/kwaa243,"Karim, ME; Tremlett, H; Zhu, F; Petkau, J; Kingwell, E"
Recent Methodological Trends in Epidemiology: No Need for Data-Driven Variable Selection?,https://doi.org/10.1093/aje/kwad193,"Staerk C, Byrd A, Mayr A."
Confounder Adjustment Using the Disease Risk Score: A Proposal for Weighting Methods,https://doi.org/10.1093/aje/kwad196,"Nguyen, TL; Debray, TPA; Youn, B; Simoneau, G; Collins, GS"
Comparison of logistic regression versus propensity score when the number of events is low and there are multiple confounders,https://doi.org/10.1093/aje/kwg115,"Cepeda, MS; Boston, R; Farrar, JT; Strom, BL"
Monte Carlo sensitivity analysis and Bayesian analysis of smoking as an unmeasured confounder in a study of silica and lung cancer,https://doi.org/10.1093/aje/kwh211,"Steenland, K; Greenland, S"
An application of model-fitting procedures for marginal structural models,https://doi.org/10.1093/aje/kwi208,"Mortimer KM, Neugebauer R, van der Laan M, Tager IB."
Invited commentary: Variable selection versus shrinkage in the control of multiple confounders,https://doi.org/10.1093/aje/kwm355,"Greenland, S"
"Pischon et al. Respond to ""Variable Selection versus Shrinkage in Control of Confounders""",https://doi.org/10.1093/aje/kwm358,"Pischon, T; Schulze, MB; Drogan, D; Boeing, H"
"Re: ""Invited commentary: Variable selection versus shrinkage in the control of multiple confounders"" (vol 167, pg 523, 2008)",https://doi.org/10.1093/aje/kwn088,"Gustafson, P; Greenland, S"
Confounding by Dietary Patterns of the Inverse Association Between Alcohol Consumption and Type 2 Diabetes Risk,https://doi.org/10.1093/aje/kwp096,"Imamura, F; Lichtenstein, AH; Dallal, GE; Meigs, JB; Jacques, PF"
Time-modified Confounding,https://doi.org/10.1093/aje/kwp175,"Platt, RW; Schisterman, EF; Cole, SR"
Effects of Socioeconomic and Racial Residential Segregation on Preterm Birth: A Cautionary Tale of Structural Confounding,https://doi.org/10.1093/aje/kwp435,"Messer, LC; Oakes, JM; Mason, S"
Treatment Effects in the Presence of Unmeasured Confounding: Dealing With Observations in the Tails of the Propensity Score Distribution-A Simulation Study,https://doi.org/10.1093/aje/kwq198,"Stürmer, T; Rothman, KJ; Avorn, J; Glynn, RJ"
Covariate selection in high-dimensional propensity score analyses of treatment effects in small samples,https://doi.org/10.1093/aje/kwr001,"Rassen JA, Glynn RJ, Brookhart MA, Schneeweiss S."
"Performance of Disease Risk Scores, Propensity Scores, and Traditional Multivariable Outcome Regression in the Presence of Multiple Confounders",https://doi.org/10.1093/aje/kwr143,"Arbogast, PG; Ray, WA"
Comparison of Instrumental Variable Analysis Using a New Instrument With Risk Adjustment Methods to Reduce Confounding by Indication,https://doi.org/10.1093/aje/kwr448,"Fang, G; Brooks, JM; Chrischilles, EA"
The Table 2 Fallacy: Presenting and Interpreting Confounder and Modifier Coefficients,https://doi.org/10.1093/aje/kws412,"Westreich, D; Greenland, S"
A Comparison of Confounding Adjustment Methods for Assessment of Asthma Controller Medication Effectiveness,https://doi.org/10.1093/aje/kwt323,"Li, LL; Vollmer, WM; Butler, MG; Wu, PS; Kharbanda, EO; Wu, AC"
Adjustment for Missing Confounders in Studies Based on Observational Databases: 2-Stage Calibration Combining Propensity Scores From Primary and Validation Data,https://doi.org/10.1093/aje/kwu130,"Lin, HW; Chen, YH"
Mediation Analysis With Intermediate Confounding: Structural Equation Modeling Viewed Through the Causal Inference Lens,https://doi.org/10.1093/aje/kwu239,"De Stavola, BL; Daniel, RM; Ploubidis, GB; Micali, N"
Controlling Time-Dependent Confounding by Health Status and Frailty: Restriction Versus Statistical Adjustment,https://doi.org/10.1093/aje/kwu485,"McGrath, LJ; Ellis, AR; Brookhart, MA"
Regularized Regression Versus the High-Dimensional Propensity Score for Confounding Adjustment in Secondary Database Analyses,https://doi.org/10.1093/aje/kwv108,"Franklin, JM; Eddings, W; Glynn, RJ; Schneeweiss, S"
"The ""Dry-Run"" Analysis: A Method for Evaluating Risk Scores for Confounding Control",https://doi.org/10.1093/aje/kwx032,"Wyss, R; Hansen, BB; Ellis, AR; Gagne, JJ; Desai, RJ; Glynn, RJ; Stürmer, T"
Selecting Shrinkage Parameters for Effect Estimation: The Multi-Ethnic Study of Atherosclerosis,https://doi.org/10.1093/aje/kwx225,"Keller JP, Rice KM."
Analysis of Longitudinal Studies With Repeated Outcome Measures: Adjusting for Time-Dependent Confounding Using Conventional Methods,https://doi.org/10.1093/aje/kwx311,"Keogh, RH; Daniel, RM; VanderWeele, TJ; Vansteelandt, S"
"Education and Cognitive Aging: Accounting for Selection and Confounding in Linkage of Data From the Danish Registry and Survey of Health, Ageing and Retirement in Europe",https://doi.org/10.1093/aje/kwy162,"Foverskov, E; Glymour, MM; Mortensen, EL; Holm, A; Lange, T; Lund, R"
Nonparametric efficient causal mediation with intermediate confounders,https://doi.org/10.1093/biomet/asaa085,"Diaz, I; Hejazi, NS; Rudolph, KE; van der Laan, MJ"
Sharp sensitivity bounds for mediation under unmeasured mediator-outcome confounding,https://doi.org/10.1093/biomet/asw012,"Ding, P; Vanderweele, TJ"
Instrumental variables as bias amplifiers with general outcome and confounding,https://doi.org/10.1093/biomet/asx009,"Ding, P; Vanderweele, TJ; Robins, JM"
On semiparametric estimation of a path-specific effect in the presence of mediator-outcome confounding,https://doi.org/10.1093/biomet/asz063,"Miles, CH; Shpitser, I; Kanki, P; Meloni, S; Tchetgen, EJT"
Confounder-dependent Bayesian mixture model: Characterizing heterogeneity of causal effects in air pollution epidemiology,https://doi.org/10.1093/biomtc/ujae025,"Zorzetto, D; Bargagli-Stoffi, FJ; Canale, A; Dominici, F"
Doubly robust methods for handling confounding by cluster,https://doi.org/10.1093/biostatistics/kxv041,"Zetterqvist, J; Vansteelandt, S; Pawitan, Y; Sjölander, A"
Guided Bayesian imputation to adjust for confounding when combining heterogeneous data sources in comparative effectiveness research,https://doi.org/10.1093/biostatistics/kxx003,"Antonelli, J; Zigler, C; Dominici, F"
Matching Methods for Confounder Adjustment: An Addition to the Epidemiologist's Toolbox,https://doi.org/10.1093/epirev/mxab003,"Greifer, N; Stuart, EA"
An overview of the objectives of and the approaches to propensity score analyses,https://doi.org/10.1093/eurheartj/ehr031,"Heinze G, Jüni P."
"Birthweight, gestational age and familial confounding in sex differences in infant mortality: a matched co-twin control study of Brazilian male-female twin pairs identified by population data linkage",https://doi.org/10.1093/ije/dyab242,"Calais-Ferreira, L; Barreto, ME; Mendonça, E; Dite, GS; Hickey, M; Ferreira, PH; Scurrah, KJ; Hopper, JL"
"Simultaneous adjustment of uncontrolled confounding, selection bias and misclassification in multiple-bias modelling",https://doi.org/10.1093/ije/dyad001,"Brendel, P; Torres, A; Arah, OA"
SAS and R code for probabilistic quantitative bias analysis for misclassified binary variables and binary unmeasured confounders,https://doi.org/10.1093/ije/dyad053,"Fox, MP; MacLehose, RF; Lash, TL"
Investigation of the structure and magnitude of time-varying uncontrolled confounding in simulated cohort data analyzed using g-computation,https://doi.org/10.1093/ije/dyad150,"Soohoo, M; Arah, OA"
The association between state income inequality and worse health is not confounded by race,https://doi.org/10.1093/ije/dyg245,"Subramanian, SV; Kawachi, I"
Does unmeasured confounding influence associations between the retail food environment and body mass index over time? The Coronary Artery Risk Development in Young Adults (CARDIA) study,https://doi.org/10.1093/ije/dyx070,"Rummo, PE; Guilkey, DK; Ng, SW; Meyer, KA; Popkin, BM; Reis, JP; Shikany, JM; Gordon-Larsen, P"
The betaboost package-a software tool for modelling bounded outcome variables in potentially high-dimensional epidemiological data,https://doi.org/10.1093/ije/dyy093,"Mayr A, Weinhold L, Hofner B, Titze S, Gefeller O, Schmid M."
Evaluating large-scale propensity score performance through real-world and synthetic data experiments,https://doi.org/10.1093/ije/dyy120,"Tian Y, Schuemie MJ, Suchard MA."
Commentary: Causal models adjusting for time-varying confounding please send more data,https://doi.org/10.1093/ije/dyy300,"Lange, T; Rod, NH"
Comparative Effectiveness of Prostate Cancer Treatments: Evaluating Statistical Adjustments for Confounding in Observational Data,https://doi.org/10.1093/jnci/djq393,"Hadley, J; Yabroff, KR; Barrett, MJ; Penson, DF; Saigal, CS; Potosky, AL"
"To Misspecify Is Common, to Probe Misspecification Scientific: Common ""Confounds"" in Pornography Research May Actually Be Predictors",https://doi.org/10.1093/joc/jqac012,"Wright, PJ; Tokunaga, RS; Herbenick, D; Paul, B"
Non-agency interventions for causal mediation in the presence of intermediate confounding,https://doi.org/10.1093/jrsssb/qkad130,"Díaz, I"
Using Propensity Score Modeling to Minimize the Influence of Confounding Risks Related to Prenatal Tobacco Exposure,https://doi.org/10.1093/ntr/ntq170,"Fang, H; Johnson, C; Chevalier, N; Stopp, C; Wiebe, S; Wakschlag, LS; Espy, KA"
SIMULATION STUDY OF CONFOUNDER-SELECTION STRATEGIES,https://doi.org/10.1093/oxfordjournals.aje.a116813,"MALDONADO, G; GREENLAND, S"
Do confounding or selection factors of residential wiring codes and magnetic fields distort findings of electromagnetic fields studies?,https://doi.org/10.1097/00001648-200003000-00019,"Hatch, EE; Kleinerman, RA; Linet, MS; Tarone, RE; Kaune, WT; Auvinen, A; Baris, D; Robison, LL; Wacholder, S"
Confounding and effect modification in the short-term effects of ambient particles on total mortality: Results from 29 European cities within the APHEA2 project,https://doi.org/10.1097/00001648-200109000-00011,"Katsouyanni, K; Touloumi, G; Samoli, E; Gryparis, A; Le Tertre, A; Monopolis, Y; Rossi, G; Zmirou, D; Ballester, F; Boumghar, A; Anderson, HR; Wojtyniak, B; Paldy, A; Braunstein, R; Pekkanen, J; Schindler, C; Schwartz, J"
Selection bias and confounding in case-crossover analyses of environmental time-series data,https://doi.org/10.1097/00001648-200111000-00013,"Bateson, TF; Schwartz, J"
Quantifying biases in causal models:: Classical confounding <i>vs</i> collider-stratification bias,https://doi.org/10.1097/00001648-200305000-00009,"Greenland, S"
A Retrospective Cohort Study of Effects of Antihypertensive and Anticholinergic Medications on Outcomes Following Elective Posterior Lumbar Spine Surgery,https://doi.org/10.1097/BSD.0000000000001110,"Golubovsky JL, Karnuta JM, Lee M, Enders J, Banerjee A, Grits D, Nowacki A, Ilyas H, Steinmetz MP."
Effect Decomposition in the Presence of an Exposure-Induced Mediator-Outcome Confounder,https://doi.org/10.1097/EDE.0000000000000034,"VanderWeele, TJ; Vansteelandt, S; Robins, JM"
Studies with Many Covariates and Few Outcomes <i>Selecting Covariates and Implementing Propensity</i>-<i>Score</i>-<i>Based Confounding Adjustments</i>,https://doi.org/10.1097/EDE.0000000000000069,"Patorno, E; Glynn, RJ; Hernández-Díaz, S; Liu, J; Schneeweiss, S"
Bias Formulas for Estimating Direct and Indirect Effects When Unmeasured Confounding Is Present,https://doi.org/10.1097/EDE.0000000000000407,"le Cessie, S"
Diagnostics for Confounding of Time-varying and Other Joint Exposures,https://doi.org/10.1097/EDE.0000000000000547,"Jackson, JW"
Bias Due to Confounders for the Exposure-Competing Risk Relationship,https://doi.org/10.1097/EDE.0000000000000565,"Lesko, CR; Lau, B"
Variable Selection for Confounding Adjustment in High-dimensional Covariate Spaces When Analyzing Healthcare Databases,https://doi.org/10.1097/EDE.0000000000000581,"Schneeweiss, S; Eddings, W; Glynn, RJ; Patorno, E; Rassen, J; Franklin, JM"
Using Super Learner Prediction Modeling to Improve High-dimensional Propensity Score Estimation,https://doi.org/10.1097/EDE.0000000000000762,"Wyss R, Schneeweiss S, van der Laan M, Lendle SD, Ju C, Franklin JM."
Quantitative Bias Analysis for a Misclassified Confounder A Comparison Between Marginal Structural Models and Conditional Models for Point Treatments,https://doi.org/10.1097/EDE.0000000000001239,"Nab, L; Groenwold, RHH; van Smeden, M; Keogh, RH"
Postmyocardial Infarction Statin Exposure and the Risk of Stroke with Weighting for Outcome Misclassification,https://doi.org/10.1097/EDE.0000000000001253,"Gravel CA, Filion KB, Reynier PM, Platt RW."
"To Adjust or Not to Adjust? When a ""Confounder"" Is Only Measured After Exposure",https://doi.org/10.1097/EDE.0000000000001312,"Groenwold, RHH; Palmer, TM; Tilling, K"
"Deep Learning-based Propensity Scores for Confounding Control in Comparative Effectiveness Research A Large-scale, Real-world Data Study",https://doi.org/10.1097/EDE.0000000000001338,"Weberpals, J; Becker, T; Davies, J; Schmich, F; Rüttinger, D; Theis, FJ; Bauer-Mehren, A"
e-Cigarette Use and Combustible Cigarette Smoking Initiation Among Youth <i>Accounting for Time-Varying Exposure and Time-Dependent Confounding</i>,https://doi.org/10.1097/EDE.0000000000001491,"Harlow, AF; Stokes, AC; Brooks, DR; Benjamin, EJ; Barrington-Trimis, JL; Ross, CS"
Inverse Probability of Treatment Weighting and Confounder Missingness in Electronic Health Record-based Analyses: A Comparison of Approaches Using Plasmode Simulation,https://doi.org/10.1097/EDE.0000000000001618,"Vader, DT; Mamtani, R; Li, Y; Griffith, SD; Calip, GS; Hubbard, RA"
Potential confounding by exposure history and prior outcomes - An example from perinatal epidemiology,https://doi.org/10.1097/EDE.0b013e31812001e6,"Howards, PP; Schisterman, EF; Heagerty, PJ"
Model selection and health effect estimation in environmental epidemiology,https://doi.org/10.1097/EDE.0b013e31817307dc,"Dominici F, Wang C, Crainiceanu C, Parmigiani G."
Geographic Variations in Risk <i>Adjusting for Unmeasured Confounders Through joint Modeling of Multiple Diseases</i>,https://doi.org/10.1097/EDE.0b013e31819d90f9,"Best, N; Hansell, AL"
A Comparison of Methods to Estimate the Hazard Ratio Under Conditions of Time-varying Confounding and Nonpositivity,https://doi.org/10.1097/EDE.0b013e31822549e8,"Naimi, AI; Cole, SR; Westreich, DJ; Richardson, DB"
Sibling Comparison Designs <i>Bias From Non</i>-<i>Shared Confounders and Measurement Error</i>,https://doi.org/10.1097/EDE.0b013e31825fa230,"Frisell, T; Öberg, S; Kuja-Halkola, R; Sjölander, A"
Effects of Heat Waves on Mortality <i>Effect Modification and Confounding by Air Pollutants</i>,https://doi.org/10.1097/EDE.0b013e31828ac01b,"Analitis, A; Michelozzi, P; D'Ippoliti, D; de'Donato, F; Menne, B; Matthies, F; Atkinson, RW; Iñiguez, C; Basagaña, X; Schneider, A; Lefranc, A; Paldy, A; Bisanti, L; Katsouyanni, K"
Evaluating sources of bias in observational studies of angiotensin-converting enzyme inhibitor/angiotensin II receptor blocker use during COVID-19: beyond confounding,https://doi.org/10.1097/HJH.0000000000002706,"Cohen, JB; McGowan, LD; Jensen, ET; Rigdon, J; South, AM"
The directed acyclic graph helped identify confounders in the association between coronary heart disease and pesticide exposure among greenhouse vegetable farmers,https://doi.org/10.1097/MD.0000000000035073,"Li, HH; Zheng, C; Zhang, Y; Yang, HF; Li, JP"
Confounding Control in Healthcare Database Research <i>Challenges and Potential Approaches</i>,https://doi.org/10.1097/MLR.0b013e3181dbebe3,"Brookhart, MA; Stürmer, T; Glynn, RJ; Rassen, J; Schneeweiss, S"
Confounding Adjustment in Comparative Effectiveness Research Conducted Within Distributed Research Networks,https://doi.org/10.1097/MLR.0b013e31829b1bb1,"Toh, S; Gagne, JJ; Rassen, JA; Fireman, BH; Kulldorff, M; Brown, JS"
Inverse probability weighting in sexually transmitted infection/human immunodeficiency virus prevention research: methods for evaluating social and community interventions,https://doi.org/10.1097/OLQ.0b013e3181d73feb,"Lippman SA, Shade SB, Hubbard AE."
Associations of antiretroviral drug use and HIV-specific risk factors with carotid intima-media thickness,https://doi.org/10.1097/QAD.0b013e32833d2132,"Delaney JA, Scherzer R, Biggs ML, Shliplak MG, Polak JF, Currier JS, Kronmal RA, Wanke C, Bacchetti P, O'leary D, Tien PC, Grunfeld C."
Variable Selection in Heterogeneous Datasets: A Truncated-rank Sparse Linear Mixed Model with Applications to Genome-wide Association Studies,https://doi.org/10.1109/BIBM.2017.8217687,"Wang H, Aragam B, Xing EP."
Linear Deconfounded Score Method: Scoring DAGs With Dense Unobserved Confounding,https://doi.org/10.1109/TNNLS.2024.3352657,"Bellot, A; van der Schaar, M"
Structure inference for Bayesian multisensory scene understanding,https://doi.org/10.1109/TPAMI.2008.25,"Hospedales TM, Vijayakumar S."
Conditions for non-confounding and collapsibility without knowledge of completely constructed causal diagrams,https://doi.org/10.1111/1467-9469.00087,"Geng, Z; Li, GW"
Criteria for confounders in epidemiological studies,https://doi.org/10.1111/1467-9868.00321,"Geng, Z; Guo, JH; Fung, WK"
Confounding and regression adjustment in difference-in-differences studies,https://doi.org/10.1111/1475-6773.13666,"Zeldow, B; Hatfield, LA"
The effect of gene flow from unsampled demes in landscape genetic analysis,https://doi.org/10.1111/1755-0998.13267,"Shirk AJ, Landguth EL, Cushman SA."
Estimating temporally variable selection intensity from ancient DNA data with the flexibility of modelling linkage and epistasis,https://doi.org/10.1111/1755-0998.13790,"He Z, Dai X, Lyu W, Beaumont M, Yu F."
"Alcohol Outlets, Neighborhood Retail Environments, and Pedestrian Injury Risk",https://doi.org/10.1111/acer.13844,"Nesoff ED, Milam AJ, Branas CC, Martins SS, Knowlton AR, Furr-Holden DM."
Confounder selection via penalized credible regions,https://doi.org/10.1111/biom.12203,"Wilson A, Reich BJ."
Accounting for Uncertainty in Confounder and Effect Modifier Selection When Estimating Average Causal Effects in Generalized Linear Models,https://doi.org/10.1111/biom.12315,"Wang, C; Dominici, F; Parmigiani, G; Zigler, CM"
Model averaged double robust estimation,https://doi.org/10.1111/biom.12622,"Cefalu M, Dominici F, Arvold N, Parmigiani G."
Outcome-adaptive lasso: Variable selection for causal inference,https://doi.org/10.1111/biom.12679,"Shortreed SM, Ertefaie A."
"Discussion of ""Data-driven confounder selection via Markov and Bayesian networks"" by Haggstrom",https://doi.org/10.1111/biom.12784,"Richardson, TS; Robins, JM; Wang, LB"
Data-driven confounder selection via Markov and Bayesian networks,https://doi.org/10.1111/biom.12788,"Häggström, J"
Model-averaged confounder adjustment for estimating multivariate exposure effects with linear regression,https://doi.org/10.1111/biom.12860,"Wilson, A; Zigler, CM; Patel, CJ; Dominici, F"
Doubly robust matching estimators for high dimensional confounding adjustment,https://doi.org/10.1111/biom.12887,"Antonelli, J; Cefalu, M; Palmer, N; Agniel, D"
Causal inference accounting for unobserved confounding after outcome regression and doubly robust estimation,https://doi.org/10.1111/biom.13001,"Genbäck, M; de Luna, X"
Data-adaptive longitudinal model selection in causal inference with collaborative targeted minimum loss-based estimation,https://doi.org/10.1111/biom.13135,"Schnitzer ME, Sango J, Ferreira Guerra S, van der Laan MJ."
Adjusting for time-varying confounders in survival analysis using structural nested cumulative survival time models,https://doi.org/10.1111/biom.13158,"Seaman, S; Dukes, O; Keogh, R; Vansteelandt, S"
Doubly robust tests of exposure effects under high-dimensional confounding,https://doi.org/10.1111/biom.13231,"Dukes, O; Avagyan, V; Vansteelandt, S"
Ultra-high dimensional variable selection for doubly robust causal inference,https://doi.org/10.1111/biom.13625,"Tang D, Kong D, Pan W, Wang L."
Spatial+: A novel approach to spatial confounding,https://doi.org/10.1111/biom.13656,"Dupont E, Wood SN, Augustin NH."
Bayesian nonparametric adjustment of confounding,https://doi.org/10.1111/biom.13833,"Kim, C; Tec, M; Zigler, C"
Ensuring valid inference for Cox hazard ratios after variable selection,https://doi.org/10.1111/biom.13889,"Van Lancker K, Dukes O, Vansteelandt S."
Response moderation models for conditional dependence between response time and response accuracy,https://doi.org/10.1111/bmsp.12076,"Bolsinova M, Tijmstra J, Molenaar D."
Assessing moderated mediation in linear models requires fewer confounding assumptions than assessing mediation,https://doi.org/10.1111/bmsp.12077,"Loeys, T; Talloen, W; Goubert, L; Moerkerke, B; Vansteelandt, S"
THE EFFECT OF UNMEASURED CONFOUNDERS ON THE ABILITY TO ESTIMATE A TRUE PERFORMANCE OR SELECTION GRADIENT (AND OTHER PARTIAL REGRESSION COEFFICIENTS),https://doi.org/10.1111/evo.12406,"Walker, JA"
What do macroinvertebrate indices measure? Stressor-specific stream macroinvertebrate indices can be confounded by other stressors,https://doi.org/10.1111/fwb.14106,"Jones JI, Lloyd CEM, Murphy JF, Arnold A, Duerdoth CP, Hawczak A, Pretty JL, Johnes PJ, Freer JE, Stirling MW, Richmond C, Collins AL."
Finite Normal Mixture SEM Analysis by Fitting Multiple Conventional SEM Models,https://doi.org/10.1111/j.1467-9531.2010.01224.x,"Yuan KH, Bentler PM."
Selecting SNPs to identify ancestry,https://doi.org/10.1111/j.1469-1809.2011.00656.x,"Sampson JN, Kidd KK, Kidd JR, Zhao H."
Why reduced-form regression models of health effects versus exposures should not replace QRA: livestock production and infant mortality as an example,https://doi.org/10.1111/j.1539-6924.2009.01303.x,Cox LA Jr.
The performance of random coefficient regression in accounting for residual confounding,https://doi.org/10.1111/j.1541-0420.2005.00510.x,"Gustafson, P; Greenland, S"
A model-based approach for making ecological inference from distance sampling data,https://doi.org/10.1111/j.1541-0420.2009.01265.x,"Johnson DS, Laake JL, Ver Hoef JM."
A New Criterion for Confounder Selection,https://doi.org/10.1111/j.1541-0420.2011.01619.x,"VanderWeele, TJ; Shpitser, I"
Bayesian effect estimation accounting for adjustment uncertainty,https://doi.org/10.1111/j.1541-0420.2011.01731.x,"Wang C, Parmigiani G, Dominici F."
Logistic regression: a brief primer,https://doi.org/10.1111/j.1553-2712.2011.01185.x,Stoltzfus JC.
GC-MS metabolomics-based approach for the identification of a potential VOC-biomarker panel in the urine of renal cell carcinoma patients,https://doi.org/10.1111/jcmm.13132,"Monteiro M, Moreira N, Pinto J, Pires-Luís AS, Henrique R, Jerónimo C, Bastos ML, Gil AM, Carvalho M, Guedes de Pinho P."
Landscape genetics across the Andes mountains: Environmental variation drives genetic divergence in the leaf-cutting ant Atta cephalotes,https://doi.org/10.1111/mec.16742,"Muñoz-Valencia V, Montoya-Lerma J, Seppä P, Diaz F."
Introduction to causal diagrams for confounder selection,https://doi.org/10.1111/resp.12238,"Williamson, EJ; Aitken, Z; Lawrie, J; Dharmage, SC; Burgess, JA; Forbes, AB"
Regression-with-residuals estimation of marginal effects: a method of adjusting for treatment-induced confounders that may also be effect modifiers,https://doi.org/10.1111/rssa.12497,"Wodtke, GT; Alaca, Z; Zhou, X"
Selecting a scale for spatial confounding adjustment,https://doi.org/10.1111/rssa.12556,"Keller, JP; Szpiro, AA"
Right singular vector projection graphs: fast high dimensional covariance matrix estimation under latent confounding,https://doi.org/10.1111/rssb.12359,"Shah, RD; Frot, B; Thanei, GA; Meinshausen, N"
Multiply robust causal inference with double-negative control adjustment for categorical unmeasured confounding,https://doi.org/10.1111/rssb.12361,"Shi, X; Miao, W; Nelson, JC; Tchetgen, EJT"
Tackling non-ignorable dropout in the presence of time varying confounding,https://doi.org/10.1111/rssc.12154,"Doretti, M; Geneletti, S; Stanghellini, E"
Tackling Non-Ignorable Dropout in the Presence of Time Varying Confounding,https://doi.org/10.1111/rssc.12154,"Doretti, M; Geneletti, S; Stanghellini, E"
Estimating the causal effect of treatment in observational studies with survival time end points and unmeasured confounding,https://doi.org/10.1111/rssc.12158,"Choi, J; O'Malley, AJ"
Estimating the Treatment Effect on the Treated Under Time-Dependent Confounding in an Application to the Swiss HIV Cohort Study,https://doi.org/10.1111/rssc.12221,"Gran, JM; Hoff, R; Roysland, K; Ledergerber, B; Young, J; Aalen, OO"
Estimating the treatment effect on the treated under time-dependent confounding in an application to the Swiss HIV Cohort Study,https://doi.org/10.1111/rssc.12221,"Gran, JM; Hoff, R; Roysland, K; Ledergerber, B; Young, J; Aalen, OO"
An instrumental variable procedure for estimating Cox models with non-proportional hazards in the presence of unmeasured confounding,https://doi.org/10.1111/rssc.12341,"Martínez-Camblor, P; MacKenzie, TA; Staiger, DO; Goodney, PP; O'Malley, AJ"
On the effect of obesity on employment in the presence of observed and unobserved confounding,https://doi.org/10.1111/stan.12016,"Radice, R; Zanin, L; Marra, G"
Compensation of retinal nerve fibre layer thickness as assessed using optical coherence tomography based on anatomical confounders,https://doi.org/10.1136/bjophthalmol-2019-314086,"Chua, J; Schwarzhans, F; Nguyen, DQ; Tham, YC; Sia, JT; Lim, C; Mathijia, S; Cheung, C; Tin, A; Fischer, G; Cheng, CY; Vass, C; Schmetterer, L"
Mortality in renal transplant recipients given erythropoietins to increase haemoglobin concentration: cohort study,https://doi.org/10.1136/bmj.b4018,"Heinze G, Kainz A, Hörl WH, Oberbauer R."
Handling time varying confounding in observational research,https://doi.org/10.1136/bmj.j4587,"Mansournia, MA; Etminan, M; Danaei, G; Kaufman, JS; Collins, G"
Alternative approaches for confounding adjustment in observational studies using weighting based on the propensity score: a primer for practitioners,https://doi.org/10.1136/bmj.l5657,"Desai, RJ; Franklin, JM"
Statin adherence and risk of acute cardiovascular events among women: a cohort study accounting for time-dependent confounding affected by previous adherence,https://doi.org/10.1136/bmjopen-2016-011306,"Lavikainen, P; Helin-Salmivaara, A; Eerola, M; Fang, G; Hartikainen, J; Huupponen, R; Korhonen, MJ"
Survival models to support shared decision-making about advance care planning for people with advanced stage cystic fibrosis,https://doi.org/10.1136/bmjresp-2020-000794,"Hajizadeh N, Zhang M, Akerman M, Kohn N, Mathew A, Hadjiliadis D, Wang J, Lesser ML."
Impact of parity on anthropometric measures of obesity controlling by multiple confounders: a cross-sectional study in Chilean women,https://doi.org/10.1136/jech.2007.062240,"Koch, E; Bogado, M; Araya, F; Romero, T; Diaz, C; Manriquez, L; Paredes, M; Roman, C; Taylor, A; Kirschbaum, A"
Controlling for socioeconomic confounding using regression methods,https://doi.org/10.1136/jech.49.Suppl_2.S15,"Bithell, JF; Dutton, SJ; Neary, NM; Vincent, TJ"
A standardisation approach to the control of socioeconomic confounding in small area studies of environment and health,https://doi.org/10.1136/jech.49.Suppl_2.S9,"Dolk, H; Mertens, B; Kleinschmidt, I; Walls, P; Shaddick, G; Elliott, P"
"The prognostic value of depressive symptoms, fear-avoidance, and self-efficacy for duration of lost-time benefits in workers with musculoskeletal disorders",https://doi.org/10.1136/oem.2005.020420,"Lötters F, Franche RL, Hogg-Johnson S, Burdorf A, Pole JD."
"Selection, calibration, and validation of models of tumor growth",https://doi.org/10.1142/S021820251650055X,"Lima EABF, Oden JT, Hormuth DA 2nd, Yankeelov TE, Almeida RC."
Treatment Effect Estimation via Differentiated Confounder Balancing and Regression,https://doi.org/10.1145/3365677,"Kuang, K; Cui, P; Li, B; Jiang, M; Wang, YS; Wu, F; Yang, SQ"
Choice Set Confounding in Discrete Choice,https://doi.org/10.1145/3447548.3467378,"Tomlinson, K; Ugander, J; Benson, AR"
Causal Mediation Analysis with Hidden Confounders,https://doi.org/10.1145/3488560.3498407,"Cheng, L; Guo, RC; Liu, H"
Be Causal: De-Biasing Social Network Confounding in Recommendation,https://doi.org/10.1145/3533725,"Li, Q; Wang, XM; Wang, ZC; Xu, GD"
Statistical foundations for model-based adjustments,https://doi.org/10.1146/annurev-publhealth-031914-122559,"Greenland S, Pearce N."
Confounding in health research,https://doi.org/10.1146/annurev.publhealth.22.1.189,"Greenland, S; Morgenstern, H"
Chronic Periodontitis Case Definitions and Confounders in Periodontal Research: A Systematic Assessment,https://doi.org/10.1155/2018/4578782,"Natto, ZS; Abu Ahmad, RH; Alsharif, LT; Alrowithi, HF; Alsini, DA; Salih, HA; Bissada, NF"
Relationships between Loneliness and Occupational Dysfunction in Community-Dwelling Older Adults: A Cross-Sectional Study,https://doi.org/10.1155/2023/9505865,"Nakashima D, Fujii K, Kubo Y, Yorozuya K."
Assessing risk factors for dental caries: a statistical modeling approach,https://doi.org/10.1159/000369831,"Trottini M, Bossù M, Corridore D, Ierardo G, Luzzi V, Saccucci M, Polimeni A."
"A Bagged, Partially Linear, Tree-Based Regression Procedure for Prediction and Variable Selection",https://doi.org/10.1159/000380850,"Mbogning C, Perdry H, Broët P."
Propensity Score Methods for Confounding Control in Nonexperimental Research,https://doi.org/10.1161/CIRCOUTCOMES.113.000359,"Brookhart, MA; Wyss, R; Layton, JB; Stürner, T"
Disparate stroke rates on warfarin among contemporaneous cohorts with atrial fibrillation: potential insights into risk from a comparative analysis of SPORTIF III versus SPORTIF V,https://doi.org/10.1161/STROKEAHA.108.514935,"Hylek EM, Frison L, Henault LE, Cupples A."
Understanding logistic regression analysis,https://doi.org/10.11613/BM.2014.003,Sperandei S.
ParceLiNGAM: A Causal Ordering Method Robust Against Latent Confounders,https://doi.org/10.1162/NECO_a_00533,"Tashiro, T; Shimizu, S; Hyvärinen, A; Washio, T"
Neural Correlates of Causal Confounding,https://doi.org/10.1162/jocn_a_01479,"Liljeholm, M"
Confounder Detection in High-Dimensional Linear Models Using First Moments of Spectral Measures,https://doi.org/10.1162/neco_a_01099,"Liu, FR; Chan, LW"
Impact of a confounding variable on a regression coefficient,https://doi.org/10.1177/0049124100029002001,"Frank, KA"
Omitted Variable Bias: Examining Management Research With the Impact Threshold of a Confounding Variable (ITCV),https://doi.org/10.1177/01492063211006458,"Busenbark, JR; Yoon, H; Gamache, DL; Withers, MC"
Sensitivity Plots for Confounder Bias in the Single Mediator Model,https://doi.org/10.1177/0193841X14524576,"Cox, MG; Kisbu-Sakarya, Y; Miocevic, M; MacKinnon, DP"
On model selection and model misspecification in causal inference,https://doi.org/10.1177/0962280210387717,"Vansteelandt S, Bekaert M, Claeskens G."
Consistent causal effect estimation under dual misspecification and implications for confounder selection procedures,https://doi.org/10.1177/0962280212437451,"Gruber, S; van der Laan, MJ"
Estimating controlled direct effects in the presence of intermediate confounding of the mediator-outcome relationship: Comparison of five different methods,https://doi.org/10.1177/0962280212461194,"Lepage, B; Dedieu, D; Savy, N; Lang, T"
Causal effect estimation strategies in a longitudinal study with complex time-varying confounders: A tutorial,https://doi.org/10.1177/0962280214545529,"Mertens, BJA; Datta, S; Brand, R; Peul, W"
A two-stage model in a Bayesian framework to estimate a survival endpoint in the presence of confounding by indication,https://doi.org/10.1177/0962280216660127,"Bellera, C; Proust-Lima, C; Joseph, L; Richaud, P; Taylor, J; Sandler, H; Hanley, J; Mathoulin-Pélissier, S"
Comparison of statistical approaches dealing with time-dependent confounding in drug effectiveness studies,https://doi.org/10.1177/0962280216668554,"Karim, ME; Petkau, J; Gustafson, P; Platt, RW; Tremlett, H"
A graphical perspective of marginal structural models: An application for the estimation of the effect of physical activity on blood pressure,https://doi.org/10.1177/0962280216680834,"Talbot D, Rossi AM, Bacon SL, Atherton J, Lefebvre G."
Addressing geographic confounding through spatial propensity scores: a study of racial disparities in diabetes,https://doi.org/10.1177/0962280217735700,"Davis, ML; Neelon, B; Nietert, PJ; Hunt, KJ; Burgette, LF; Lawson, AB; Egede, LE"
A stratification approach using logit-based models for confounder adjustment in the study of continuous outcomes,https://doi.org/10.1177/0962280217747309,"Tan, CS; Stoer, NC; Chen, Y; Andersson, M; Ning, YL; Wee, HL; Khoo, EYH; Tai, ES; Kao, SL; Reilly, M"
Adjustment for time-invariant and time-varying confounders in 'unexplained residuals' models for longitudinal data within a causal framework and associated challenges,https://doi.org/10.1177/0962280218756158,"Arnold, KF; Ellison, GTH; Gadd, SC; Textor, J; Tennant, PWG; Heppenstall, A; Gilthorpe, MS"
A Bayesian two-stage spatially dependent variable selection model for space-time health data,https://doi.org/10.1177/0962280218767980,"Choi J, Lawson AB."
Propensity score analysis for correlated subgroup effects,https://doi.org/10.1177/0962280219850595,"Liu SY, Liu C, Nehus E, Macaluso M, Lu B, Kim MO."
How to obtain valid tests and confidence intervals after propensity score variable selection?,https://doi.org/10.1177/0962280219862005,"Dukes O, Vansteelandt S."
The impact of unmeasured within- and between-cluster confounding on the bias of effect estimatorsof a continuous exposure,https://doi.org/10.1177/0962280219883323,"Li, Y; Lee, Y; Port, FK; Robinson, BM"
Variable selection and estimation in causal inference using Bayesian spike and slab priors,https://doi.org/10.1177/0962280219898497,"Koch B, Vock DM, Wolfson J, Vock LB."
Propensity score specification for optimal estimation of average treatment effect with binary response,https://doi.org/10.1177/0962280220934847,"Craycroft JA, Huang J, Kong M."
Unifying instrumental variable and inverse probability weighting approaches for inference of causal treatment effect and unmeasured confounding in observational studies,https://doi.org/10.1177/0962280220971835,"Liu, T; Hogan, JW"
The change in estimate method for selecting confounders: A simulation study,https://doi.org/10.1177/09622802211034219,"Talbot, D; Diop, A; Lavigne-Robichaud, M; Brisson, C"
Bayesian variable selection in hierarchical difference-in-differences models,https://doi.org/10.1177/09622802211051087,"Normington JP, Lock EF, Murray TA, Carlin CS."
Complete effect decomposition for an arbitrary number of multiple ordered mediators with time-varying confounders: A method for generalized causal multi-mediation analysis,https://doi.org/10.1177/09622802221130580,"Tai, AS; Lin, SH"
Estimation of the average treatment effect with variable selection and measurement error simultaneously addressed for potential confounders,https://doi.org/10.1177/09622802221146308,"Yi, GY; Chen, LP"
Robust weights that optimally balance confounders for estimating marginal hazard ratios,https://doi.org/10.1177/09622802221146310,"Santacatterina, M"
Controlling for time-dependent confounding using marginal structural models,https://doi.org/10.1177/1536867X0400400403,"Fewell, Z; Hernán, MA; Wolfe, F; Tilling, K; Choi, H; Sterne, JAC"
gformula: Estimating causal effects in the presence of time-varying confounding or mediation using the g-computation formula,https://doi.org/10.1177/1536867X1101100401,"Daniel, RM; De Stavola, BL; Cousens, SN"
Confounding due to changing background risk in adaptively randomized trials,https://doi.org/10.1177/1740774511406950,"Lipsky, AM; Greenland, S"
Adjusting for Baseline Measurements of the Mediators and Outcome as a First Step Toward Eliminating Confounding Biases in Mediation Analysis,https://doi.org/10.1177/17456916221134573,"Loh, WW; Ren, DN"
A Tutorial on Causal Inference in Longitudinal Data With Time-Varying Confounding Using G-Estimation,https://doi.org/10.1177/25152459231174029,"Loh, WW; Ren, DN"
Using the realized relationship matrix to disentangle confounding factors for the estimation of genetic variance components of complex traits,https://doi.org/10.1186/1297-9686-42-22,"Lee SH, Goddard ME, Visscher PM, van der Werf JH."
Detecting disease-associated genes with confounding variable adjustment and the impact on genomic meta-analysis: with application to major depressive disorder,https://doi.org/10.1186/1471-2105-13-52,"Wang X, Lin Y, Song C, Sibille E, Tseng GC."
Robust tests for matched case-control genetic association studies,https://doi.org/10.1186/1471-2156-11-91,"Zang Y, Fung WK."
"Relative importance of climatic, geographic and socio-economic determinants of malaria in Malawi",https://doi.org/10.1186/1475-2875-12-416,"Lowe R, Chirombo J, Tompkins AM."
Developing a spatial-statistical model and map of historical malaria prevalence in Botswana using a staged variable selection procedure,https://doi.org/10.1186/1476-072X-6-44,"Craig MH, Sharp BL, Mabaso ML, Kleinschmidt I."
Purposeful selection of variables in logistic regression,https://doi.org/10.1186/1751-0473-3-17,"Bursac Z, Gauss CH, Williams DK, Hosmer DW."
Statistical assessment of the global regulatory role of histone acetylation in Saccharomyces cerevisiae,https://doi.org/10.1186/gb-2006-7-8-R70,"Yuan GC, Ma P, Zhong W, Liu JS."
Feature selection and causal analysis for microbiome studies in the presence of confounding using standardization,https://doi.org/10.1186/s12859-021-04232-2,"Goren, E; Wang, C; He, ZL; Sheflin, AM; Chiniquy, D; Prenni, JE; Tringe, S; Schachtman, DP; Liu, P"
Identification of confounder in epidemiologic data contaminated by measurement error in covariates,https://doi.org/10.1186/s12874-016-0159-6,"Lee, PH; Burstyn, I"
Noncollapsibility and its role in quantifying confounding bias in logistic regression,https://doi.org/10.1186/s12874-021-01316-8,"Schuster, NA; Twisk, JWR; ter Riet, G; Heymans, MW; Rijnhart, JJM"
"Methodological perspectives on the study of the health effects of unemployment - reviewing the mode of unemployment, the statistical analysis method and the role of confounding factors",https://doi.org/10.1186/s12874-022-01670-1,"Norström, F; Hammarström, A"
"Comparing g-computation, propensity score-based weighting, and targeted maximum likelihood estimation for analyzing externally controlled trials with both measured and unmeasured confounders: a simulation study",https://doi.org/10.1186/s12874-023-01835-6,"Ren, JM; Cislo, P; Cappelleri, JC; Hlavacek, P; DiBonaventura, M"
Frameworks for estimating causal effects in observational settings: comparing confounder adjustment and instrumental variables,https://doi.org/10.1186/s12874-023-01936-2,"Zawadzki, RS; Grill, JD; Gillen, DL"
Association between ambient air pollutants and upper respiratory tract infection and pneumonia disease burden in Thailand from 2000 to 2022: a high frequency ecological analysis,https://doi.org/10.1186/s12879-023-08185-0,"Choo ELW, Janhavi A, Koo JR, Yim SHL, Dickens BL, Lim JT."
Perioperative blood transfusion does not affect recurrence-free and overall survivals after curative resection for intrahepatic cholangiocarcinoma: a propensity score matching analysis,https://doi.org/10.1186/s12885-017-3745-z,"Zhou PY, Tang Z, Liu WR, Tian MX, Jin L, Jiang XF, Wang H, Tao CY, Ding ZB, Peng YF, Qiu SJ, Dai Z, Zhou J, Fan J, Shi YH."
Assignment of unimodal probability distribution models for quantitative morphological phenotyping,https://doi.org/10.1186/s12915-022-01283-6,"Ghanegolmohammadi F, Ohnuki S, Ohya Y."
A geographic identifier assignment algorithm with Bayesian variable selection to identify neighborhood factors associated with emergency department visit disparities for asthma,https://doi.org/10.1186/s12942-020-00203-7,"Bozigar M, Lawson A, Pearce J, King K, Svendsen E."
Confounding of linkage disequilibrium patterns in large scale DNA based gene-gene interaction studies,https://doi.org/10.1186/s13040-019-0199-7,"Joiret, M; John, JMM; Gusareva, ES; Van Steen, K"
"Model selection, confounder control, and marginal structural models: Review and new applications",https://doi.org/10.1198/000313004X5824,"Joffe, MM; Ten Have, TR; Feldman, HI; Kimmel, SE"
The impact of prior distributions for uncontrolled confounding and response bias: A case study of the relation of wire codes and magnetic fields to childhood leukemia,https://doi.org/10.1198/01621450338861905,"Greenland, S"
"Bias, Confounding, and Interaction: Lions and Tigers, and Bears, Oh My!",https://doi.org/10.1213/ANE.0000000000002332,"Vetter, TR; Mascha, EJ"
The Importance of Scale for Spatial-Confounding Bias and Precision of Spatial Regression Estimators,https://doi.org/10.1214/10-STS326,"Paciorek, CJ"
Standardization and Control for Confounding in Observational Studies: A Historical Perspective,https://doi.org/10.1214/13-STS453,"Keiding, N; Clayton, D"
Regularization and Confounding in Linear Regression for Treatment Effect Estimation,https://doi.org/10.1214/16-BA1044,"Hahn, PR; Carvalho, CM; Puelz, D; He, JY"
EXTENDED SENSITIVITY ANALYSIS FOR HETEROGENEOUS UNMEASURED CONFOUNDING WITH AN APPLICATION TO SIBLING STUDIES OF RETURNS TO EDUCATION,https://doi.org/10.1214/18-AOAS1215,"Fogarty, CB; Hasegawa, RB"
A ROBUST AND EFFICIENT APPROACH TO CAUSAL INFERENCE BASED ON SPARSE SUFFICIENT DIMENSION REDUCTION,https://doi.org/10.1214/18-AOS1722,"Ma S, Zhu L, Zhang Z, Tsai CL, Carroll RJ."
High-Dimensional Confounding Adjustment Using Continuous Spike and Slab Priors,https://doi.org/10.1214/18-BA1131,"Antonelli, J; Parmigiani, G; Dominici, F"
High-Dimensional Confounding Adjustment Using Continuous Spike and Slab Priors,https://doi.org/10.1214/18-ba1131,"Antonelli J, Parmigiani G, Dominici F."
A CAUSAL EXPOSURE RESPONSE FUNCTION WITH LOCAL ADJUSTMENT FOR CONFOUNDING: ESTIMATING HEALTH EFFECTS OF EXPOSURE TO LOW LEVELS OF AMBIENT FINE PARTICULATE MATTER,https://doi.org/10.1214/20-AOAS1330,"Papadogeorgou, G; Dominici, F"
MITIGATING UNOBSERVED SPATIAL CONFOUNDING WHEN ESTIMATING THE EFFECT OF SUPERMARKET ACCESS ON CARDIOVASCULAR DISEASE DEATHS,https://doi.org/10.1214/20-AOAS1377,"Schnell, PM; Papadogeorgou, G"
ESTIMATION OF THE MARGINAL EFFECT OF ANTIDEPRESSANTS ON BODY MASS INDEX UNDER CONFOUNDING AND ENDOGENOUS COVARIATE-DRIVEN MONITORING TIMES,https://doi.org/10.1214/21-AOAS1570,"Coulombe, J; Moodie, EEM; Platt, RW; Renoux, C"
DOUBLY DEBIASED LASSO: HIGH-DIMENSIONAL INFERENCE UNDER HIDDEN CONFOUNDING,https://doi.org/10.1214/21-AOS2152,"Guo, ZJ; Cevid, D; Bühlmann, P"
BOUNDS ON THE CONDITIONAL AND AVERAGE TREATMENT EFFECT WITH UNOBSERVED CONFOUNDING FACTORS,https://doi.org/10.1214/22-AOS2195,"Yadlowsky, S; Namkoong, H; Basu, S; Duchi, J; Tian, L"
Bias and Confounding: Pharmacoepidemiological Study Using Administrative Database,https://doi.org/10.1248/yakushi.15-00006,"Nojiri, S"
Confounding by Socioeconomic Status in Epidemiological Studies of Air Pollution and Health: Challenges and Opportunities,https://doi.org/10.1289/EHP7980,"Hajat, A; MacLehose, RF; Rosofsky, A; Walker, KD; Clougherty, JE"
Interpreting population- and family-based genome-wide association studies in the presence of confounding,https://doi.org/10.1371/journal.pbio.3002511,"Veller, C; Coop, GM"
Identification of key somatic oncogenic mutation based on a confounder-free causal inference model,https://doi.org/10.1371/journal.pcbi.1010529,"Liu, YJ; Sun, J; Sun, HY; Chang, Y"
Genetic sensitivity analysis: Adjusting for genetic confounding in epidemiological associations,https://doi.org/10.1371/journal.pgen.1009590,"Pingault, JB; Rijsdijk, F; Schoeler, T; Choi, SW; Selzam, S; Krapohl, E; O'Reilly, PF; Dudbridge, F"
Estimating age-stratified influenza-associated invasive pneumococcal disease in England: A time-series model based on population surveillance data,https://doi.org/10.1371/journal.pmed.1002829,"Chiavenna C, Presanis AM, Charlett A, de Lusignan S, Ladhani S, Pebody RG, De Angelis D."
Model selection in time series studies of influenza-associated mortality,https://doi.org/10.1371/journal.pone.0039423,"Wang XL, Yang L, Chan KP, Chiu SS, Chan KH, Peiris JS, Wong CM."
Confounding Effects of Phase Delays on Causality Estimation,https://doi.org/10.1371/journal.pone.0053588,"Vakorin, VA; Misic, B; Krakovska, O; Bezgin, G; McIntosh, AR"
Model selection approach suggests causal association between 25-hydroxyvitamin D and colorectal cancer,https://doi.org/10.1371/journal.pone.0063475,"Zgaga L, Agakov F, Theodoratou E, Farrington SM, Tenesa A, Dunlop MG, McKeigue P, Campbell H."
Selection of higher order regression models in the analysis of multi-factorial transcription data,https://doi.org/10.1371/journal.pone.0091840,"Prazeres da Costa O, Hoffman A, Rey JW, Mansmann U, Buch T, Tresch A."
Is Geo-Environmental Exposure a Risk Factor for Multiple Sclerosis? A Population-Based Cross-Sectional Study in South-Western Sardinia,https://doi.org/10.1371/journal.pone.0163313,"Monti MC, Guido D, Montomoli C, Sardu C, Sanna A, Pretti S, Lorefice L, Marrosu MG, Valera P, Cocco E."
Using Rich Data on Comorbidities in Case-Control Study Design with Electronic Health Record Data Improves Control of Confounding in the Detection of Adverse Drug Reactions,https://doi.org/10.1371/journal.pone.0164304,"Backenroth, D; Chase, H; Friedman, C; Wei, Y"
Prognosis impact of clinical characteristics in patients with inoperable esophageal squamous cell carcinoma,https://doi.org/10.1371/journal.pone.0182660,"Yang Y, Jia J, Sun Z, Du F, Yu J, Liu C, Xiao Y, Zhang X."
"Disentangling personalized treatment effects from ""time-of-the-day"" confounding in mobile health studies",https://doi.org/10.1371/journal.pone.0271766,"Neto, EC; Perumal, TM; Pratap, A; Tediarjo, A; Bot, BM; Mangravite, L; Omberg, L"
Performance of modeling and balancing approach methods when using weights to estimate treatment effects in observational time-to-event settings,https://doi.org/10.1371/journal.pone.0289316,"Barros GWF, Eriksson M, Häggström J."
Double Bias: Estimation of Causal Effects from Length-Biased Samples in the Presence of Confounding,https://doi.org/10.1515/ijb-2014-0037,"Ertefaie, A; Asgharian, M; Stephens, DA"
"Variable Selection for Confounder Control, Flexible Modeling and Collaborative Targeted Minimum Loss-Based Estimation in Causal Inference",https://doi.org/10.1515/ijb-2015-0017,"Schnitzer, ME; Lok, JJ; Gruber, S"
Detecting Confounding in Multivariate Linear Models via Spectral Analysis,https://doi.org/10.1515/jci-2017-0013,"Janzing, D; Schölkopf, B"
Double machine learning and automated confounder selection: A cautionary tale,https://doi.org/10.1515/jci-2022-0078,"Hünermund, P; Louw, B; Caspi, I"
Finding causative genes from high-dimensional data: an appraisal of statistical and machine learning approaches,https://doi.org/10.1515/sagmb-2015-0072,"Wang C, Gevertz JL."
A Bayesian hierarchical model for identifying significant polygenic effects while controlling for confounding and repeated measures,https://doi.org/10.1515/sagmb-2017-0044,"McMahan C, Baurley J, Bridges W, Joyner C, Kacamarga MF, Lund R, Pardamean C, Pardamean B."
Likelihood-free inference of population structure and local adaptation in a Bayesian hierarchical model,https://doi.org/10.1534/genetics.109.112391,"Bazin E, Dawson KJ, Beaumont MA."
High-resolution genetic mapping of complex traits from a combined analysis of F2 and advanced intercross mice,https://doi.org/10.1534/genetics.114.167056,"Parker CC, Carbonetto P, Sokoloff G, Park YJ, Abney M, Palmer AA."
Modeling Heterogeneity in the Genetic Architecture of Ethnically Diverse Groups Using Random Effect Interaction Models,https://doi.org/10.1534/genetics.119.301909,"Veturi Y, de Los Campos G, Yi N, Huang W, Vazquez AI, Kühnel B."
Use of causal diagrams in Epidemiology: application to a situation with confounding,https://doi.org/10.1590/0102-311X00103115,"Cortes, TR; Faerstein, E; Struchiner, CJ"
Robust Text Classification under Confounding Shift,https://doi.org/10.1613/jair.1.11248,"Landeiro, V; Culotta, A"
Modeling and variable selection in epidemiologic analysis,https://doi.org/10.2105/ajph.79.3.340,Greenland S.
Control of confounding in the analysis phase - an overview for clinicians,https://doi.org/10.2147/CLEP.S129886,"Kahlert, J; Gribsholt, SB; Gammelager, H; Dekkers, OM; Luta, G"
Adjusting for confounding by indication in observational studies: a case study in traumatic brain injury,https://doi.org/10.2147/CLEP.S154500,"Cnossen, MC; van Essen, TA; Ceyisakar, IE; Polinder, S; Andriessen, TM; van der Naalt, J; Haitsma, L; Horn, J; Franschman, G; Vos, PE; Peul, WC; Menon, DK; Maas, AIR; Steyerberg, EW; Lingsma, HF"
Automated data-adaptive analytics for electronic healthcare data to study causal treatment effects,https://doi.org/10.2147/CLEP.S166545,Schneeweiss S.
Modeling determinants of satisfaction with health care in youth with inflammatory bowel disease part 2: semiparametric distributional regression,https://doi.org/10.2147/CLEP.S191458,"Otto-Sobotka F, Peplies J, Timmer A."
Bayesian Model Averaging to Account for Model Uncertainty in Estimates of a Vaccine's Effectiveness,https://doi.org/10.2147/CLEP.S378039,"Oliveira CR, Shapiro ED, Weinberger DM."
Is a Cutoff of 10% Appropriate for the Change-in-Estimate Criterion of Confounder Identification?,https://doi.org/10.2188/jea.JE20130062,"Lee, PH"
Effects of Omitting Non-confounding Predictors From General Relative-Risk Models for Binary Outcomes,https://doi.org/10.2188/jea.JE20170226,"Cologne, J; Furukawa, K; Grant, EJ; Abbott, RD"
Causal Modeling to Mitigate Selection Bias and Unmeasured Confounding in Internet-Based Epidemiology of COVID-19: Model Development and Validation,https://doi.org/10.2196/31306,"Stockham, N; Washington, P; Chrisman, B; Paskov, K; Jung, JY; Wall, DP"
Meta-Analysis of Observational Studies with Unmeasured Confounders,https://doi.org/10.2202/1557-4679.1350,"McCandless, LC"
How to Apply Multiple Imputation in Propensity Score Matching with Partially Observed Confounders: A Simulation Study and Practical Recommendations,https://doi.org/10.22237/jmasm/1608552120,"Ling, A; Montez-Rath, M; Mathur, M; Kapphahn, K; Desai, M"
Assessing the sensitivity of regression results to unmeasured confounders in observational studies,https://doi.org/10.2307/2533848,"Lin, DY; Psaty, BM; Kronmal, RA"
SELECTING CONFOUNDERS FROM COVARIATES,https://doi.org/10.2307/2983362,"RAAB, GM"
Methods for Variable Selection and Treatment Effect Estimation in Nonrandomized Studies with Few Outcome Events and Many Confounders,https://doi.org/10.25302/3.2018.ME.13035796,"Franklin JM, Eddings W, Gopalakrishnan C, Glynn RJ, Austin PC, Stuart EA, Schneeweiss S."
Methods for Improving Confounding Control in Comparative Effectiveness Research Using Electronic Healthcare Databases,https://doi.org/10.25302/7.2019.ME.13035638,"Wyss R, Schneeweiss S, van der Laan M, Lendle SD, Ju C, Franklin JM."
Estimation of Indirect Effects in the Presence of Unmeasured Confounding for the Mediator-Outcome Relationship in a Multilevel 2-1-1 Mediation Model,https://doi.org/10.3102/1076998616636855,"Talloen, W; Moerkerke, B; Loeys, T; De Naeghel, J; Van Keer, H; Vansteelandt, S"
Effects of platelet and plasma transfusion on outcome in traumatic brain injury patients with moderate bleeding diatheses,https://doi.org/10.3171/2012.11.JNS12622,"Anglin CO, Spence JS, Warner MA, Paliotta C, Harper C, Moore C, Sarode R, Madden C, Diaz-Arrastia R."
On Associative Confounder Bias,https://doi.org/10.3233/978-1-61499-589-0-157,"Wijayatunga, P"
OntoBioStat: Supporting Causal Diagram Design and Analysis,https://doi.org/10.3233/SHTI220463,"Pressat Laffouilhère T, Grosjean J, Bénichou J, Darmoni SJ, Soualmia LF."
SurvBoost: An R Package for High-Dimensional Variable Selection in the Stratified Proportional Hazards Model via Gradient Boosting,https://doi.org/10.32614/rj-2020-018,"Morris E, He K, Li Y, Li Y, Kang J."
"Blood Hemoglobin Substantially Modulates the Impact of Gender, Morbid Obesity, and Hyperglycemia on COVID-19 Death Risk: A Multicenter Study in Italy and Spain",https://doi.org/10.3389/fendo.2021.741248,"Mayneris-Perxachs J, Russo MF, Ramos R, de Hollanda A, Arxé AA, Rottoli M, Arnoriaga-Rodríguez M, Comas-Cufí M, Bartoletti M, Verrastro O, Gudiol C, Fages E, Giménez M, Gil AG, Bernante P, Tinahones F, Carratalà J, Pagotto U, Hernández-Aguado I, Fernández-Aranda F, Meira F, Castro Guardiola A, Mingrone G, Fernández-Real JM; Obesity-T2DM Covid19 Study Group."
High-Dimensional Mediation Analysis With Confounders in Survival Models,https://doi.org/10.3389/fgene.2021.688871,"Yu, ZS; Cui, YD; Wei, T; Ma, YR; Luo, CW"
Linear high-dimensional mediation models adjusting for confounders using propensity score method,https://doi.org/10.3389/fgene.2022.961148,"Luo, LH; Yan, YT; Cui, YD; Yuan, X; Yu, ZS"
"Confounding and Statistical Significance of Indirect Effects: Childhood Adversity, Education, Smoking, and Anxious and Depressive Symptomatology",https://doi.org/10.3389/fpsyg.2017.01317,"Sheikh, MA"
Developmental Trajectories in Diagnostic Reasoning: Understanding Data Are Confounded Develops Independently of Choosing Informative Interventions to Resolve Confounded Data,https://doi.org/10.3389/fpsyg.2022.800226,"Moeller, A; Sodian, B; Sobel, DM"
Causal Model Building in the Context of Cardiac Rehabilitation: A Systematic Review,https://doi.org/10.3390/ijerph20043182,"Akbari N, Heinze G, Rauch G, Sander B, Becher H, Dunkler D."
Food Sources of Animal Protein in Relation to Overall and Cause-Specific Mortality-Causal Associations or Confounding? An Analysis of the EPIC-Heidelberg Cohort,https://doi.org/10.3390/nu15153322,"Bajracharya, R; Kaaks, R; Katzke, V"
The Confounder-Mediator Dilemma: Should We Control for Obesity to Estimate the Effect of Perfluoroalkyl Substances on Health Outcomes?,https://doi.org/10.3390/toxics8040125,"Inoue, K; Goto, A; Sugiyama, T; Ramlau-Hansen, CH; Liew, Z"
Direction dependence analysis: A framework to test the direction of effects in linear models with an implementation in SPSS,https://doi.org/10.3758/s13428-018-1031-x,"Wiedermann W, Li X."
Confounder detection in linear mediation models: Performance of kernel-based tests of independence,https://doi.org/10.3758/s13428-019-01230-4,"Wiedermann, W; Li, XT"
[Matching in observational research: from the directed acyclic graph perspective],https://doi.org/10.3760/cma.j.cn112338-20200601-00793,"Luo T, Wang L, Tian T, Fu WH, Pei HL, Zheng YJ, Dai JH."
Best (but oft-forgotten) practices: propensity score methods in clinical nutrition research,https://doi.org/10.3945/ajcn.115.125914,"Ali MS, Groenwold RH, Klungel OH."
Determining the Probability Distribution and Evaluating Sensitivity and False Positive Rate of a Confounder Detection Method Applied To Logistic Regression,https://doi.org/10.4172/2155-6180.1000142,"Bliss R, Weinberg J, Webster T, Vieira V."
Covariate selection criteria for controlling confounding bias in a causal study,https://doi.org/10.5351/KJAS.2016.29.5.849,"Thepepomma, S; Kim, JH"
SENSITIVITY ANALYSIS FOR UNMEASURED CONFOUNDING IN COARSE STRUCTURAL NESTED MEAN MODELS,https://doi.org/10.5705/ss.202016.0133,"Yang, S; Lok, JJ"
SEMIPARAMETRIC INFERENCE OF CAUSAL EFFECT WITH NONIGNORABLE MISSING CONFOUNDERS,https://doi.org/10.5705/ss.202018.0466,"Sun, ZH; Liu, L"
SEMIPARAMETRIC CAUSAL MEDIATION ANALYSIS WITH UNMEASURED MEDIATOR-OUTCOME CONFOUNDING,https://doi.org/10.5705/ss.202021.0354,"Sun, BL; Ye, T"
Reporting on statistical methods to adjust for confounding:: A cross-sectional survey,https://doi.org/10.7326/0003-4819-136-2-200201150-00009,"Müllner, M; Matthews, H; Altman, DG"
Lipid Peroxidation With Implication of Organic Pollution in Autistic Behaviors,https://doi.org/10.7759/cureus.14188,"Yui K, Imataka G, Sasaki H, Shiroki R, Koshiba M."
